record,analyst,quality_score_sourcing,quality_score_writing,assigned_job,accepted_job,declined_job
1,a09c8906073b4c0b75e3100b857b982a,5.0,5.0,0,1,0
2,d8e25a290ea51352bf9100a99c475f6d,5.0,5.0,1,0,0
3,d8e25a290ea51352bf9100a99c475f6d,5.0,5.0,0,1,0
4,d8e25a290ea51352bf9100a99c475f6d,5.0,5.0,1,0,0
5,d8e25a290ea51352bf9100a99c475f6d,5.0,5.0,0,0,1
6,a09c8906073b4c0b75e3100b857b982a,5.0,5.0,1,0,0
7,642782c690c8d963c487300a4751e220,4.97,4.97,0,1,0
8,642782c690c8d963c487300a4751e220,4.97,4.97,1,0,0
9,b599bfb42906772db81ac90137fc1916,0.0,0.0,0,1,0
10,e817dd4305458b293cbeb3015da99565,4.55,4.55,0,1,0
11,7e22ad15724c44543d1d4bcafd10c812,5.0,5.0,0,1,0
12,7e22ad15724c44543d1d4bcafd10c812,5.0,5.0,1,0,0
13,a09c8906073b4c0b75e3100b857b982a,5.0,5.0,0,1,0
14,a09c8906073b4c0b75e3100b857b982a,5.0,5.0,1,0,0
15,e817dd4305458b293cbeb3015da99565,4.55,4.55,1,0,0
16,b599bfb42906772db81ac90137fc1916,0.0,0.0,1,0,0
17,9fcbc63ff4c8bea5cea4efad782c87cf,5.0,5.0,1,0,0
18,9fcbc63ff4c8bea5cea4efad782c87cf,5.0,5.0,0,1,0
19,9fa24ddce8fd9d1526d9d7451304fc74,4.89,4.89,0,1,0
20,9fa24ddce8fd9d1526d9d7451304fc74,4.89,4.89,1,0,0
21,39012c98c8fb80752d2bbcc3dc285230,4.75,4.75,0,1,0
22,9fcbc63ff4c8bea5cea4efad782c87cf,5.0,5.0,1,0,0
23,39012c98c8fb80752d2bbcc3dc285230,4.75,4.75,1,0,0
24,9fcbc63ff4c8bea5cea4efad782c87cf,5.0,5.0,0,1,0
25,a09c8906073b4c0b75e3100b857b982a,5.0,5.0,0,1,0
26,a09c8906073b4c0b75e3100b857b982a,5.0,5.0,1,0,0
27,642782c690c8d963c487300a4751e220,4.97,4.97,1,0,0
28,795930bc4ed320777ad76b46da2ed66d,4.8,4.8,0,1,0
29,795930bc4ed320777ad76b46da2ed66d,4.8,4.8,1,0,0
30,c9401f82fdedf3cd080a03bafe3447c7,0.0,0.0,0,1,0
31,c9401f82fdedf3cd080a03bafe3447c7,0.0,0.0,1,0,0
32,de71db592b02c988670ca3d301a02568,5.0,5.0,1,0,0
33,642782c690c8d963c487300a4751e220,4.97,4.97,0,1,0
34,642782c690c8d963c487300a4751e220,4.97,4.97,1,0,0
35,b692db6843c42f5ce686fcdfda4e0b62,0.0,0.0,1,0,0
36,b692db6843c42f5ce686fcdfda4e0b62,0.0,0.0,0,1,0
37,de71db592b02c988670ca3d301a02568,5.0,5.0,0,1,0
38,a09c8906073b4c0b75e3100b857b982a,5.0,5.0,1,0,0
39,632a6492e9ff20cc4a442245836424e5,4.17,4.17,1,0,0
40,39012c98c8fb80752d2bbcc3dc285230,4.75,4.75,1,0,0
41,39012c98c8fb80752d2bbcc3dc285230,4.75,4.75,0,1,0
42,710dbda77cade1eced9c735c08e6e38d,5.0,5.0,0,1,0
43,710dbda77cade1eced9c735c08e6e38d,5.0,5.0,1,0,0
44,9fa24ddce8fd9d1526d9d7451304fc74,4.89,4.89,0,1,0
45,9fa24ddce8fd9d1526d9d7451304fc74,4.89,4.89,1,0,0
46,732e4a29b2e318bce3c1e923276ddf51,5.0,5.0,0,1,0
47,732e4a29b2e318bce3c1e923276ddf51,5.0,5.0,1,0,0
48,642782c690c8d963c487300a4751e220,4.97,4.97,0,1,0
49,7e22ad15724c44543d1d4bcafd10c812,5.0,5.0,0,1,0
50,39012c98c8fb80752d2bbcc3dc285230,4.75,4.75,1,0,0
51,39012c98c8fb80752d2bbcc3dc285230,4.75,4.75,0,1,0
52,d74c4a7423dd3ee0a78de5481c364823,4.65,4.65,1,0,0
53,d74c4a7423dd3ee0a78de5481c364823,4.65,4.65,0,1,0
54,a09c8906073b4c0b75e3100b857b982a,5.0,5.0,0,1,0
55,632a6492e9ff20cc4a442245836424e5,4.17,4.17,0,1,0
56,8258591d197a3936de0f7ee021ab9e0e,0.0,0.0,1,0,0
57,8258591d197a3936de0f7ee021ab9e0e,0.0,0.0,0,1,0
58,7e22ad15724c44543d1d4bcafd10c812,5.0,5.0,1,0,0
59,39012c98c8fb80752d2bbcc3dc285230,4.75,4.75,0,1,0
60,39012c98c8fb80752d2bbcc3dc285230,4.75,4.75,1,0,0
61,c033808b89b50e6f550caf266470f090,4.9,4.9,1,0,0
62,c033808b89b50e6f550caf266470f090,4.9,4.9,0,1,0
63,dddcdea13df8232803957a5d9c847aae,4.31,4.31,1,0,0
64,dddcdea13df8232803957a5d9c847aae,4.31,4.31,0,1,0
65,dddcdea13df8232803957a5d9c847aae,4.31,4.31,1,0,0
66,dddcdea13df8232803957a5d9c847aae,4.31,4.31,0,0,1
67,482e9b14d8d59b748320f89074362746,4.55,4.55,0,1,0
68,482e9b14d8d59b748320f89074362746,4.55,4.55,1,0,0
69,9fcbc63ff4c8bea5cea4efad782c87cf,5.0,5.0,0,1,0
70,9fcbc63ff4c8bea5cea4efad782c87cf,5.0,5.0,1,0,0
71,9fcbc63ff4c8bea5cea4efad782c87cf,5.0,5.0,0,1,0
72,9fcbc63ff4c8bea5cea4efad782c87cf,5.0,5.0,1,0,0
73,c2dcc0b178176d7e6b185df9bd1cb4f2,0.0,0.0,1,0,0
74,9fcbc63ff4c8bea5cea4efad782c87cf,5.0,5.0,0,1,0
75,008fa95f5c94985e2d44047aeac31655,4.69,4.69,0,1,0
76,9fcbc63ff4c8bea5cea4efad782c87cf,5.0,5.0,1,0,0
77,c2dcc0b178176d7e6b185df9bd1cb4f2,0.0,0.0,0,1,0
78,008fa95f5c94985e2d44047aeac31655,4.69,4.69,1,0,0
79,a09c8906073b4c0b75e3100b857b982a,5.0,5.0,0,1,0
80,008fa95f5c94985e2d44047aeac31655,4.69,4.69,1,0,0
81,008fa95f5c94985e2d44047aeac31655,4.69,4.69,0,1,0
82,a09c8906073b4c0b75e3100b857b982a,5.0,5.0,1,0,0
83,008fa95f5c94985e2d44047aeac31655,4.69,4.69,0,1,0
84,008fa95f5c94985e2d44047aeac31655,4.69,4.69,1,0,0
85,008fa95f5c94985e2d44047aeac31655,4.69,4.69,0,1,0
86,a09c8906073b4c0b75e3100b857b982a,5.0,5.0,1,0,0
87,a09c8906073b4c0b75e3100b857b982a,5.0,5.0,0,1,0
88,a09c8906073b4c0b75e3100b857b982a,5.0,5.0,1,0,0
89,2d0f64a208f69a70ec415cfccb59cc24,3.92,3.92,0,1,0
90,d5aa695af013ee5baaeeccfb7ca50c80,4.7,4.7,0,1,0
91,d5aa695af013ee5baaeeccfb7ca50c80,4.7,4.7,0,1,0
92,d5aa695af013ee5baaeeccfb7ca50c80,4.7,4.7,0,1,0
93,a09c8906073b4c0b75e3100b857b982a,5.0,5.0,0,1,0
94,2d0f64a208f69a70ec415cfccb59cc24,3.92,3.92,1,0,0
95,d5aa695af013ee5baaeeccfb7ca50c80,4.7,4.7,1,0,0
96,766d3435eda76c4de9f034b8f97a0602,3.5,3.5,0,1,0
97,482e9b14d8d59b748320f89074362746,4.55,4.55,0,1,0
98,2d0f64a208f69a70ec415cfccb59cc24,3.85,3.85,0,1,0
99,7e22ad15724c44543d1d4bcafd10c812,5.0,5.0,0,1,0
100,795930bc4ed320777ad76b46da2ed66d,4.8,4.8,1,0,0
101,795930bc4ed320777ad76b46da2ed66d,4.8,4.8,0,1,0
102,795930bc4ed320777ad76b46da2ed66d,4.8,4.8,0,1,0
103,766d3435eda76c4de9f034b8f97a0602,3.5,3.5,1,0,0
104,7e22ad15724c44543d1d4bcafd10c812,5.0,5.0,1,0,0
105,caf77e4ba6154e998b352cc92c685f80,4.83,4.83,1,0,0
106,2d0f64a208f69a70ec415cfccb59cc24,3.85,3.85,1,0,0
107,642782c690c8d963c487300a4751e220,4.97,4.97,1,0,0
108,642782c690c8d963c487300a4751e220,4.97,4.97,0,0,1
109,0c2680433387fb4cf51a3546296f8422,4.48,4.48,1,0,0
110,642782c690c8d963c487300a4751e220,4.97,4.97,1,0,0
111,c9401f82fdedf3cd080a03bafe3447c7,0.0,0.0,1,0,0
112,c9401f82fdedf3cd080a03bafe3447c7,0.0,0.0,0,0,1
113,642782c690c8d963c487300a4751e220,4.97,4.97,0,0,1
114,732e4a29b2e318bce3c1e923276ddf51,5.0,5.0,1,0,0
115,0c2680433387fb4cf51a3546296f8422,4.48,4.48,0,1,0
116,732e4a29b2e318bce3c1e923276ddf51,5.0,5.0,0,1,0
117,482e9b14d8d59b748320f89074362746,4.55,4.55,1,0,0
118,c9401f82fdedf3cd080a03bafe3447c7,0.0,0.0,1,0,0
119,a09c8906073b4c0b75e3100b857b982a,5.0,5.0,1,0,0
120,a09c8906073b4c0b75e3100b857b982a,5.0,5.0,0,1,0
121,57ef46a92ecee8e187f4d450e92651ea,4.81,4.81,1,0,0
122,7e22ad15724c44543d1d4bcafd10c812,5.0,5.0,0,1,0
123,7e22ad15724c44543d1d4bcafd10c812,5.0,5.0,1,0,0
124,795930bc4ed320777ad76b46da2ed66d,4.8,4.8,0,0,1
125,795930bc4ed320777ad76b46da2ed66d,4.8,4.8,1,0,0
126,795930bc4ed320777ad76b46da2ed66d,4.8,4.8,0,0,1
127,795930bc4ed320777ad76b46da2ed66d,4.8,4.8,1,0,0
128,57ef46a92ecee8e187f4d450e92651ea,4.81,4.81,0,1,0
129,77b8ab28b9e95edb3a69ca7a6d352ec8,0.0,0.0,0,1,0
130,98de7e62209a07eee6ec8dc984911042,0.0,0.0,0,1,0
131,caf77e4ba6154e998b352cc92c685f80,4.83,4.83,1,0,0
132,77b8ab28b9e95edb3a69ca7a6d352ec8,0.0,0.0,1,0,0
133,2df8ce7d317c7d89dfa95be7695d2de0,0.0,0.0,1,0,0
134,2df8ce7d317c7d89dfa95be7695d2de0,0.0,0.0,0,1,0
135,5233d783ae5bf0483cf49549cbc594f8,0.0,0.0,1,0,0
136,5233d783ae5bf0483cf49549cbc594f8,0.0,0.0,0,1,0
137,1f8d8b08a994331e419d24293ce9e7b0,0.0,0.0,1,0,0
138,1f8d8b08a994331e419d24293ce9e7b0,0.0,0.0,0,0,1
139,1f8d8b08a994331e419d24293ce9e7b0,0.0,0.0,1,0,0
140,1f8d8b08a994331e419d24293ce9e7b0,0.0,0.0,0,0,1
141,a29fe6d26c1a49ff4a3c876eaee0a1af,0.0,0.0,1,0,0
142,a29fe6d26c1a49ff4a3c876eaee0a1af,0.0,0.0,0,1,0
143,a29fe6d26c1a49ff4a3c876eaee0a1af,0.0,0.0,0,1,0
144,a29fe6d26c1a49ff4a3c876eaee0a1af,0.0,0.0,0,1,0
145,98de7e62209a07eee6ec8dc984911042,0.0,0.0,1,0,0
146,642782c690c8d963c487300a4751e220,4.97,4.97,0,1,0
147,caf77e4ba6154e998b352cc92c685f80,4.83,4.83,0,1,0
148,642782c690c8d963c487300a4751e220,4.97,4.97,1,0,0
149,9fcbc63ff4c8bea5cea4efad782c87cf,5.0,5.0,0,1,0
150,9fcbc63ff4c8bea5cea4efad782c87cf,5.0,5.0,1,0,0
151,ea5354c723ba83f2c412c238b133e84a,0.0,0.0,1,0,0
152,d9837e646a15a4fdd823531178b2d62e,0.0,0.0,0,0,1
153,d9837e646a15a4fdd823531178b2d62e,0.0,0.0,1,0,0
154,d9837e646a15a4fdd823531178b2d62e,0.0,0.0,0,1,0
155,0e9802516f8a79dd0d45211dd4ee74af,4.4,4.4,0,1,0
156,caf77e4ba6154e998b352cc92c685f80,4.83,4.83,0,1,0
157,caf77e4ba6154e998b352cc92c685f80,4.83,4.83,1,0,0
158,c9401f82fdedf3cd080a03bafe3447c7,0.0,0.0,1,0,0
159,c9401f82fdedf3cd080a03bafe3447c7,0.0,0.0,0,0,1
160,c9401f82fdedf3cd080a03bafe3447c7,0.0,0.0,1,0,0
161,c9401f82fdedf3cd080a03bafe3447c7,0.0,0.0,0,0,1
162,c9401f82fdedf3cd080a03bafe3447c7,0.0,0.0,1,0,0
163,a09c8906073b4c0b75e3100b857b982a,5.0,5.0,0,1,0
164,c9401f82fdedf3cd080a03bafe3447c7,0.0,0.0,0,0,1
165,a09c8906073b4c0b75e3100b857b982a,5.0,5.0,1,0,0
166,482e9b14d8d59b748320f89074362746,4.55,4.55,0,1,0
167,c9401f82fdedf3cd080a03bafe3447c7,0.0,0.0,1,0,0
168,c9401f82fdedf3cd080a03bafe3447c7,0.0,0.0,0,0,1
169,482e9b14d8d59b748320f89074362746,4.55,4.55,1,0,0
170,dddcdea13df8232803957a5d9c847aae,4.31,4.31,0,0,1
171,dddcdea13df8232803957a5d9c847aae,4.31,4.31,1,0,0
172,d9837e646a15a4fdd823531178b2d62e,0.0,0.0,1,0,0
173,d9837e646a15a4fdd823531178b2d62e,0.0,0.0,0,0,1
174,dddcdea13df8232803957a5d9c847aae,4.31,4.31,1,0,0
175,0e9802516f8a79dd0d45211dd4ee74af,4.4,4.4,1,0,0
176,d9837e646a15a4fdd823531178b2d62e,0.0,0.0,1,0,0
177,ea5354c723ba83f2c412c238b133e84a,0.0,0.0,0,1,0
178,795930bc4ed320777ad76b46da2ed66d,4.8,4.8,0,1,0
179,795930bc4ed320777ad76b46da2ed66d,4.8,4.8,1,0,0
180,d6eaa4eeb52b4d62ec78299454763870,5.0,5.0,0,1,0
181,d6eaa4eeb52b4d62ec78299454763870,5.0,5.0,1,0,0
182,9fcbc63ff4c8bea5cea4efad782c87cf,5.0,5.0,1,0,0
183,0c2680433387fb4cf51a3546296f8422,4.48,4.48,0,1,0
184,9fcbc63ff4c8bea5cea4efad782c87cf,5.0,5.0,0,1,0
185,c9401f82fdedf3cd080a03bafe3447c7,0.0,0.0,1,0,0
186,e8a2b0b2e2234a89dc52dd8a3e0f79e6,4.8,4.8,1,0,0
187,c033808b89b50e6f550caf266470f090,4.9,4.9,0,1,0
188,c9401f82fdedf3cd080a03bafe3447c7,0.0,0.0,0,0,1
189,c9401f82fdedf3cd080a03bafe3447c7,0.0,0.0,1,0,0
190,c9401f82fdedf3cd080a03bafe3447c7,0.0,0.0,0,0,1
191,c033808b89b50e6f550caf266470f090,4.9,4.9,1,0,0
192,e8a2b0b2e2234a89dc52dd8a3e0f79e6,4.8,4.8,0,1,0
193,0c2680433387fb4cf51a3546296f8422,4.48,4.48,1,0,0
194,a09c8906073b4c0b75e3100b857b982a,5.0,5.0,1,0,0
195,a09c8906073b4c0b75e3100b857b982a,5.0,5.0,0,1,0
196,32553d485988e2ddcf0f701c60754f2d,4.87,4.87,1,0,0
197,32553d485988e2ddcf0f701c60754f2d,4.87,4.87,0,1,0
198,a09c8906073b4c0b75e3100b857b982a,5.0,5.0,0,1,0
199,a09c8906073b4c0b75e3100b857b982a,5.0,5.0,1,0,0
200,9fcbc63ff4c8bea5cea4efad782c87cf,5.0,5.0,0,1,0
201,0e9802516f8a79dd0d45211dd4ee74af,4.4,4.4,1,0,0
202,9fcbc63ff4c8bea5cea4efad782c87cf,5.0,5.0,1,0,0
203,0e9802516f8a79dd0d45211dd4ee74af,4.4,4.4,0,1,0
204,9fcbc63ff4c8bea5cea4efad782c87cf,5.0,5.0,1,0,0
205,732e4a29b2e318bce3c1e923276ddf51,5.0,5.0,1,0,0
206,732e4a29b2e318bce3c1e923276ddf51,5.0,5.0,0,0,1
207,9fcbc63ff4c8bea5cea4efad782c87cf,5.0,5.0,0,0,1
208,a09c8906073b4c0b75e3100b857b982a,5.0,5.0,1,0,0
209,732e4a29b2e318bce3c1e923276ddf51,5.0,5.0,0,0,1
210,a09c8906073b4c0b75e3100b857b982a,5.0,5.0,0,1,0
211,9fcbc63ff4c8bea5cea4efad782c87cf,5.0,5.0,0,0,1
212,9fcbc63ff4c8bea5cea4efad782c87cf,5.0,5.0,1,0,0
213,732e4a29b2e318bce3c1e923276ddf51,5.0,5.0,1,0,0
214,a09c8906073b4c0b75e3100b857b982a,5.0,5.0,0,1,0
215,a09c8906073b4c0b75e3100b857b982a,5.0,5.0,1,0,0
216,7e22ad15724c44543d1d4bcafd10c812,5.0,5.0,0,1,0
217,7e22ad15724c44543d1d4bcafd10c812,5.0,5.0,1,0,0
218,632a6492e9ff20cc4a442245836424e5,4.17,4.17,0,0,1
219,632a6492e9ff20cc4a442245836424e5,4.17,4.17,0,1,0
220,632a6492e9ff20cc4a442245836424e5,4.17,4.17,1,0,0
221,c2dcc0b178176d7e6b185df9bd1cb4f2,0.0,0.0,1,0,0
222,632a6492e9ff20cc4a442245836424e5,4.17,4.17,1,0,0
223,9fcbc63ff4c8bea5cea4efad782c87cf,5.0,5.0,1,0,0
224,d6eaa4eeb52b4d62ec78299454763870,5.0,5.0,1,0,0
225,d6eaa4eeb52b4d62ec78299454763870,5.0,5.0,0,0,1
226,d6eaa4eeb52b4d62ec78299454763870,5.0,5.0,1,0,0
227,caf77e4ba6154e998b352cc92c685f80,4.83,4.83,1,0,0
228,caf77e4ba6154e998b352cc92c685f80,4.83,4.83,0,1,0
229,5078cc506436a8668c0b6de594842fcf,4.2,4.2,1,0,0
230,206de922289a1f9f5ee250fc71308628,3.17,3.17,1,0,0
231,9fcbc63ff4c8bea5cea4efad782c87cf,5.0,5.0,0,1,0
232,206de922289a1f9f5ee250fc71308628,3.17,3.17,0,1,0
233,9fcbc63ff4c8bea5cea4efad782c87cf,5.0,5.0,1,0,0
234,9fcbc63ff4c8bea5cea4efad782c87cf,5.0,5.0,0,1,0
235,206de922289a1f9f5ee250fc71308628,3.17,3.17,0,1,0
236,d9837e646a15a4fdd823531178b2d62e,0.0,0.0,0,0,1
237,0c2680433387fb4cf51a3546296f8422,4.48,4.48,0,1,0
238,206de922289a1f9f5ee250fc71308628,3.14,3.14,0,1,0
239,206de922289a1f9f5ee250fc71308628,3.14,3.14,1,0,0
240,0c2680433387fb4cf51a3546296f8422,4.48,4.48,1,0,0
241,d9837e646a15a4fdd823531178b2d62e,0.0,0.0,1,0,0
242,39b71201151caf98fd10afce50cfc83e,4.85,4.85,0,1,0
243,bcd8d747b5af397febc04228293f747f,4.67,4.67,1,0,0
244,a09c8906073b4c0b75e3100b857b982a,5.0,5.0,0,1,0
245,4bb6e496f0c92286dee7eed7038ddd9d,4.89,4.89,1,0,0
246,9fcbc63ff4c8bea5cea4efad782c87cf,5.0,5.0,0,1,0
247,4bb6e496f0c92286dee7eed7038ddd9d,4.89,4.89,0,1,0
248,9fcbc63ff4c8bea5cea4efad782c87cf,5.0,5.0,1,0,0
249,bcd8d747b5af397febc04228293f747f,4.67,4.67,0,1,0
250,0e9802516f8a79dd0d45211dd4ee74af,4.5,4.5,0,1,0
251,a09c8906073b4c0b75e3100b857b982a,5.0,5.0,1,0,0
252,0e9802516f8a79dd0d45211dd4ee74af,4.5,4.5,1,0,0
253,98de7e62209a07eee6ec8dc984911042,0.0,0.0,1,0,0
254,98de7e62209a07eee6ec8dc984911042,0.0,0.0,0,1,0
255,39b71201151caf98fd10afce50cfc83e,4.85,4.85,1,0,0
256,a09c8906073b4c0b75e3100b857b982a,5.0,5.0,0,1,0
257,a09c8906073b4c0b75e3100b857b982a,5.0,5.0,1,0,0
258,0e9802516f8a79dd0d45211dd4ee74af,4.4,4.4,1,0,0
259,766d3435eda76c4de9f034b8f97a0602,3.5,3.5,1,0,0
260,32553d485988e2ddcf0f701c60754f2d,4.88,4.88,1,0,0
261,39b71201151caf98fd10afce50cfc83e,4.85,4.85,0,1,0
262,ef7e6e9fd91d89f2e31b26b9feaec787,0.0,0.0,1,0,0
263,39b71201151caf98fd10afce50cfc83e,4.85,4.85,1,0,0
264,642782c690c8d963c487300a4751e220,4.97,4.97,1,0,0
265,642782c690c8d963c487300a4751e220,4.97,4.97,0,1,0
266,0e9802516f8a79dd0d45211dd4ee74af,4.4,4.4,0,1,0
267,32553d485988e2ddcf0f701c60754f2d,4.88,4.88,0,1,0
268,642782c690c8d963c487300a4751e220,4.97,4.97,1,0,0
269,f3b93c5ae97215ae15fa63b5f0fc30e1,4.83,4.83,0,1,0
270,ef7e6e9fd91d89f2e31b26b9feaec787,0.0,0.0,0,1,0
271,9fcbc63ff4c8bea5cea4efad782c87cf,5.0,5.0,1,0,0
272,642782c690c8d963c487300a4751e220,4.97,4.97,0,1,0
273,642782c690c8d963c487300a4751e220,4.97,4.97,1,0,0
274,f3b93c5ae97215ae15fa63b5f0fc30e1,4.83,4.83,1,0,0
275,642782c690c8d963c487300a4751e220,4.97,4.97,0,0,1
276,9fcbc63ff4c8bea5cea4efad782c87cf,5.0,5.0,0,1,0
277,a09c8906073b4c0b75e3100b857b982a,5.0,5.0,0,1,0
278,482e9b14d8d59b748320f89074362746,4.55,4.55,0,1,0
279,482e9b14d8d59b748320f89074362746,4.55,4.55,1,0,0
280,a09c8906073b4c0b75e3100b857b982a,5.0,5.0,1,0,0
281,7e22ad15724c44543d1d4bcafd10c812,5.0,5.0,1,0,0
282,7e22ad15724c44543d1d4bcafd10c812,5.0,5.0,0,1,0
283,7e22ad15724c44543d1d4bcafd10c812,5.0,5.0,1,0,0
284,6c6bd5e891c4015e534773dfb19f29b0,5.0,5.0,0,1,0
285,9fcbc63ff4c8bea5cea4efad782c87cf,5.0,5.0,0,1,0
286,9fcbc63ff4c8bea5cea4efad782c87cf,5.0,5.0,1,0,0
287,d8e25a290ea51352bf9100a99c475f6d,5.0,5.0,0,1,0
288,6c6bd5e891c4015e534773dfb19f29b0,5.0,5.0,1,0,0
289,7e22ad15724c44543d1d4bcafd10c812,5.0,5.0,0,1,0
290,d8e25a290ea51352bf9100a99c475f6d,5.0,5.0,1,0,0
291,7e22ad15724c44543d1d4bcafd10c812,5.0,5.0,1,0,0
292,d8e25a290ea51352bf9100a99c475f6d,5.0,5.0,1,0,0
293,d6eaa4eeb52b4d62ec78299454763870,5.0,5.0,1,0,0
294,d6eaa4eeb52b4d62ec78299454763870,5.0,5.0,0,1,0
295,0e9802516f8a79dd0d45211dd4ee74af,4.5,4.5,1,0,0
296,0e9802516f8a79dd0d45211dd4ee74af,4.5,4.5,0,1,0
297,7e22ad15724c44543d1d4bcafd10c812,5.0,5.0,1,0,0
298,642782c690c8d963c487300a4751e220,4.97,4.97,1,0,0
299,642782c690c8d963c487300a4751e220,4.97,4.97,0,1,0
300,caf77e4ba6154e998b352cc92c685f80,4.83,4.83,0,1,0
301,9fa24ddce8fd9d1526d9d7451304fc74,4.89,4.89,1,0,0
302,caf77e4ba6154e998b352cc92c685f80,4.83,4.83,1,0,0
303,7e22ad15724c44543d1d4bcafd10c812,5.0,5.0,0,1,0
304,7e22ad15724c44543d1d4bcafd10c812,5.0,5.0,0,1,0
305,9fa24ddce8fd9d1526d9d7451304fc74,4.89,4.89,0,1,0
306,4bb6e496f0c92286dee7eed7038ddd9d,4.89,4.89,0,1,0
307,d8e25a290ea51352bf9100a99c475f6d,5.0,5.0,0,1,0
308,4bb6e496f0c92286dee7eed7038ddd9d,4.89,4.89,1,0,0
309,85c7b78e76b5232cd38014ea4cdc8f56,4.5,4.5,0,1,0
310,85c7b78e76b5232cd38014ea4cdc8f56,4.5,4.5,1,0,0
311,0e9802516f8a79dd0d45211dd4ee74af,4.4,4.4,0,1,0
312,8258591d197a3936de0f7ee021ab9e0e,0.0,0.0,1,0,0
313,8258591d197a3936de0f7ee021ab9e0e,0.0,0.0,0,0,1
314,8258591d197a3936de0f7ee021ab9e0e,0.0,0.0,1,0,0
315,8258591d197a3936de0f7ee021ab9e0e,0.0,0.0,0,0,1
316,0e9802516f8a79dd0d45211dd4ee74af,4.4,4.4,1,0,0
317,a09c8906073b4c0b75e3100b857b982a,5.0,5.0,1,0,0
318,206de922289a1f9f5ee250fc71308628,3.17,3.17,1,0,0
319,206de922289a1f9f5ee250fc71308628,3.17,3.17,0,1,0
320,5238b0785b5576f5ffe665136df9244f,0.0,0.0,1,0,0
321,9fcbc63ff4c8bea5cea4efad782c87cf,5.0,5.0,1,0,0
322,98de7e62209a07eee6ec8dc984911042,0.0,0.0,0,1,0
323,98de7e62209a07eee6ec8dc984911042,0.0,0.0,1,0,0
324,8258591d197a3936de0f7ee021ab9e0e,0.0,0.0,1,0,0
325,5238b0785b5576f5ffe665136df9244f,0.0,0.0,0,0,1
326,9fcbc63ff4c8bea5cea4efad782c87cf,5.0,5.0,0,1,0
327,a09c8906073b4c0b75e3100b857b982a,5.0,5.0,0,1,0
328,5238b0785b5576f5ffe665136df9244f,0.0,0.0,1,0,0
329,c2dcc0b178176d7e6b185df9bd1cb4f2,0.0,0.0,0,0,1
330,c2dcc0b178176d7e6b185df9bd1cb4f2,0.0,0.0,1,0,0
331,d5aa695af013ee5baaeeccfb7ca50c80,4.7,4.7,1,0,0
332,5238b0785b5576f5ffe665136df9244f,0.0,0.0,0,0,1
333,c2dcc0b178176d7e6b185df9bd1cb4f2,0.0,0.0,0,1,0
334,d5aa695af013ee5baaeeccfb7ca50c80,4.7,4.7,0,1,0
335,d5aa695af013ee5baaeeccfb7ca50c80,4.7,4.7,0,1,0
336,c2dcc0b178176d7e6b185df9bd1cb4f2,0.0,0.0,1,0,0
337,85c7b78e76b5232cd38014ea4cdc8f56,4.5,4.5,0,0,1
338,85c7b78e76b5232cd38014ea4cdc8f56,4.5,4.5,1,0,0
339,85c7b78e76b5232cd38014ea4cdc8f56,4.5,4.5,0,0,1
340,85c7b78e76b5232cd38014ea4cdc8f56,4.5,4.5,1,0,0
341,c2dcc0b178176d7e6b185df9bd1cb4f2,0.0,0.0,1,0,0
342,c2dcc0b178176d7e6b185df9bd1cb4f2,0.0,0.0,0,1,0
343,6c6bd5e891c4015e534773dfb19f29b0,5.0,5.0,0,1,0
344,6c6bd5e891c4015e534773dfb19f29b0,5.0,5.0,0,1,0
345,6c6bd5e891c4015e534773dfb19f29b0,5.0,5.0,1,0,0
346,c2dcc0b178176d7e6b185df9bd1cb4f2,0.0,0.0,0,1,0
347,0c2680433387fb4cf51a3546296f8422,4.48,4.48,1,0,0
348,0c2680433387fb4cf51a3546296f8422,4.48,4.48,0,1,0
349,39b71201151caf98fd10afce50cfc83e,4.85,4.85,0,1,0
350,642782c690c8d963c487300a4751e220,4.97,4.97,1,0,0
351,642782c690c8d963c487300a4751e220,4.97,4.97,0,1,0
352,3a29165b73c047e745934c2cbbfaac1b,4.63,4.63,1,0,0
353,3a29165b73c047e745934c2cbbfaac1b,4.63,4.63,0,1,0
354,39b71201151caf98fd10afce50cfc83e,4.85,4.85,1,0,0
355,85c7b78e76b5232cd38014ea4cdc8f56,4.5,4.5,1,0,0
356,85c7b78e76b5232cd38014ea4cdc8f56,4.5,4.5,0,0,1
357,85c7b78e76b5232cd38014ea4cdc8f56,4.5,4.5,1,0,0
358,85c7b78e76b5232cd38014ea4cdc8f56,4.5,4.5,0,1,0
359,c2dcc0b178176d7e6b185df9bd1cb4f2,0.0,0.0,0,1,0
360,85c7b78e76b5232cd38014ea4cdc8f56,4.5,4.5,0,1,0
361,c2dcc0b178176d7e6b185df9bd1cb4f2,0.0,0.0,1,0,0
362,8258591d197a3936de0f7ee021ab9e0e,0.0,0.0,1,0,0
363,8258591d197a3936de0f7ee021ab9e0e,0.0,0.0,0,1,0
364,642782c690c8d963c487300a4751e220,4.97,4.97,1,0,0
365,642782c690c8d963c487300a4751e220,4.97,4.97,0,1,0
366,732e4a29b2e318bce3c1e923276ddf51,5.0,5.0,1,0,0
367,d8e25a290ea51352bf9100a99c475f6d,5.0,5.0,1,0,0
368,d8e25a290ea51352bf9100a99c475f6d,5.0,5.0,0,1,0
369,a09c8906073b4c0b75e3100b857b982a,5.0,5.0,1,0,0
370,a09c8906073b4c0b75e3100b857b982a,5.0,5.0,0,1,0
371,732e4a29b2e318bce3c1e923276ddf51,5.0,5.0,1,0,0
372,f7f7591403c6c431053920223069550a,5.0,5.0,0,0,1
373,f7f7591403c6c431053920223069550a,5.0,5.0,1,0,0
374,f7f7591403c6c431053920223069550a,5.0,5.0,0,0,1
375,f7f7591403c6c431053920223069550a,5.0,5.0,0,1,0
376,f7f7591403c6c431053920223069550a,5.0,5.0,1,0,0
377,f7f7591403c6c431053920223069550a,5.0,5.0,1,0,0
378,732e4a29b2e318bce3c1e923276ddf51,5.0,5.0,0,1,0
379,a09c8906073b4c0b75e3100b857b982a,5.0,5.0,1,0,0
380,a09c8906073b4c0b75e3100b857b982a,5.0,5.0,0,0,1
381,a09c8906073b4c0b75e3100b857b982a,5.0,5.0,1,0,0
382,a09c8906073b4c0b75e3100b857b982a,5.0,5.0,0,0,1
383,f7f7591403c6c431053920223069550a,5.0,5.0,0,1,0
384,85c7b78e76b5232cd38014ea4cdc8f56,4.5,4.5,1,0,0
385,732e4a29b2e318bce3c1e923276ddf51,5.0,5.0,0,1,0
386,732e4a29b2e318bce3c1e923276ddf51,5.0,5.0,1,0,0
387,732e4a29b2e318bce3c1e923276ddf51,5.0,5.0,1,0,0
388,39b71201151caf98fd10afce50cfc83e,4.85,4.85,1,0,0
389,39b71201151caf98fd10afce50cfc83e,4.85,4.85,0,1,0
390,f7f7591403c6c431053920223069550a,5.0,5.0,1,0,0
391,642782c690c8d963c487300a4751e220,4.97,4.97,0,1,0
392,85c7b78e76b5232cd38014ea4cdc8f56,4.5,4.5,0,1,0
393,36ee9fc3bade4a4f71c2a6e5c2bd8862,0.0,0.0,1,0,0
394,a09c8906073b4c0b75e3100b857b982a,5.0,5.0,0,1,0
395,a09c8906073b4c0b75e3100b857b982a,5.0,5.0,1,0,0
396,36ee9fc3bade4a4f71c2a6e5c2bd8862,0.0,0.0,0,1,0
397,0e9802516f8a79dd0d45211dd4ee74af,4.5,4.5,0,1,0
398,0e9802516f8a79dd0d45211dd4ee74af,4.5,4.5,1,0,0
399,85c7b78e76b5232cd38014ea4cdc8f56,4.5,4.5,0,0,1
400,0e9802516f8a79dd0d45211dd4ee74af,4.5,4.5,1,0,0
401,0e9802516f8a79dd0d45211dd4ee74af,4.5,4.5,0,0,1
402,36ee9fc3bade4a4f71c2a6e5c2bd8862,0.0,0.0,0,1,0
403,caf77e4ba6154e998b352cc92c685f80,4.83,4.83,0,0,1
404,caf77e4ba6154e998b352cc92c685f80,4.83,4.83,1,0,0
405,caf77e4ba6154e998b352cc92c685f80,4.83,4.83,0,0,1
406,caf77e4ba6154e998b352cc92c685f80,4.83,4.83,1,0,0
407,642782c690c8d963c487300a4751e220,4.97,4.97,1,0,0
408,36ee9fc3bade4a4f71c2a6e5c2bd8862,0.0,0.0,0,1,0
409,85c7b78e76b5232cd38014ea4cdc8f56,4.5,4.5,1,0,0
410,732e4a29b2e318bce3c1e923276ddf51,5.0,5.0,1,0,0
411,732e4a29b2e318bce3c1e923276ddf51,5.0,5.0,0,1,0
412,a09c8906073b4c0b75e3100b857b982a,5.0,5.0,0,1,0
413,a09c8906073b4c0b75e3100b857b982a,5.0,5.0,1,0,0
414,e8a2b0b2e2234a89dc52dd8a3e0f79e6,4.8,4.8,1,0,0
415,e8a2b0b2e2234a89dc52dd8a3e0f79e6,4.8,4.8,0,1,0
416,0c2680433387fb4cf51a3546296f8422,4.48,4.48,1,0,0
417,0c2680433387fb4cf51a3546296f8422,4.48,4.48,0,1,0
418,7e22ad15724c44543d1d4bcafd10c812,5.0,5.0,1,0,0
419,a09c8906073b4c0b75e3100b857b982a,5.0,5.0,1,0,0
420,a09c8906073b4c0b75e3100b857b982a,5.0,5.0,0,0,1
421,f7f7591403c6c431053920223069550a,5.0,5.0,1,0,0
422,f7f7591403c6c431053920223069550a,5.0,5.0,0,1,0
423,7e22ad15724c44543d1d4bcafd10c812,5.0,5.0,0,1,0
424,a09c8906073b4c0b75e3100b857b982a,5.0,5.0,1,0,0
425,9fcbc63ff4c8bea5cea4efad782c87cf,5.0,5.0,1,0,0
426,9fcbc63ff4c8bea5cea4efad782c87cf,5.0,5.0,1,0,0
427,9fcbc63ff4c8bea5cea4efad782c87cf,5.0,5.0,0,1,0
428,9fcbc63ff4c8bea5cea4efad782c87cf,5.0,5.0,0,1,0
429,a09c8906073b4c0b75e3100b857b982a,5.0,5.0,0,0,1
430,7e22ad15724c44543d1d4bcafd10c812,5.0,5.0,0,1,0
431,85c7b78e76b5232cd38014ea4cdc8f56,4.5,4.5,0,1,0
432,85c7b78e76b5232cd38014ea4cdc8f56,4.5,4.5,1,0,0
433,7e22ad15724c44543d1d4bcafd10c812,5.0,5.0,1,0,0
434,a09c8906073b4c0b75e3100b857b982a,5.0,5.0,1,0,0
435,a09c8906073b4c0b75e3100b857b982a,5.0,5.0,0,0,1
436,a09c8906073b4c0b75e3100b857b982a,5.0,5.0,0,0,1
437,f7f7591403c6c431053920223069550a,5.0,5.0,0,1,0
438,f7f7591403c6c431053920223069550a,5.0,5.0,1,0,0
439,d6eaa4eeb52b4d62ec78299454763870,5.0,5.0,0,1,0
440,d6eaa4eeb52b4d62ec78299454763870,5.0,5.0,1,0,0
441,a09c8906073b4c0b75e3100b857b982a,5.0,5.0,1,0,0
442,2df8ce7d317c7d89dfa95be7695d2de0,0.0,0.0,1,0,0
443,2df8ce7d317c7d89dfa95be7695d2de0,0.0,0.0,0,1,0
444,9fcbc63ff4c8bea5cea4efad782c87cf,5.0,5.0,0,1,0
445,d6eaa4eeb52b4d62ec78299454763870,5.0,5.0,1,0,0
446,77b8ab28b9e95edb3a69ca7a6d352ec8,0.0,0.0,1,0,0
447,77b8ab28b9e95edb3a69ca7a6d352ec8,0.0,0.0,0,1,0
448,d6eaa4eeb52b4d62ec78299454763870,5.0,5.0,0,1,0
449,85c7b78e76b5232cd38014ea4cdc8f56,4.5,4.5,0,1,0
450,9fcbc63ff4c8bea5cea4efad782c87cf,5.0,5.0,1,0,0
451,85c7b78e76b5232cd38014ea4cdc8f56,4.5,4.5,1,0,0
452,b599bfb42906772db81ac90137fc1916,0.0,0.0,1,0,0
453,b599bfb42906772db81ac90137fc1916,0.0,0.0,0,1,0
454,85c7b78e76b5232cd38014ea4cdc8f56,4.5,4.5,0,1,0
455,642782c690c8d963c487300a4751e220,4.97,4.97,0,1,0
456,642782c690c8d963c487300a4751e220,4.97,4.97,1,0,0
457,642782c690c8d963c487300a4751e220,4.97,4.97,0,0,1
458,642782c690c8d963c487300a4751e220,4.97,4.97,1,0,0
459,85c7b78e76b5232cd38014ea4cdc8f56,4.5,4.5,0,0,1
460,710dbda77cade1eced9c735c08e6e38d,5.0,5.0,1,0,0
461,85c7b78e76b5232cd38014ea4cdc8f56,4.5,4.5,1,0,0
462,e9468b4c33f88d6937c4ad2bea8bbc2f,5.0,5.0,0,1,0
463,e9468b4c33f88d6937c4ad2bea8bbc2f,5.0,5.0,1,0,0
464,85c7b78e76b5232cd38014ea4cdc8f56,4.5,4.5,1,0,0
465,f7f7591403c6c431053920223069550a,5.0,5.0,0,1,0
466,f7f7591403c6c431053920223069550a,5.0,5.0,1,0,0
467,85c7b78e76b5232cd38014ea4cdc8f56,4.5,4.5,0,0,1
468,710dbda77cade1eced9c735c08e6e38d,5.0,5.0,0,1,0
469,7e22ad15724c44543d1d4bcafd10c812,5.0,5.0,1,0,0
470,7e22ad15724c44543d1d4bcafd10c812,5.0,5.0,0,0,1
471,8258591d197a3936de0f7ee021ab9e0e,0.0,0.0,1,0,0
472,8258591d197a3936de0f7ee021ab9e0e,0.0,0.0,0,1,0
473,7e22ad15724c44543d1d4bcafd10c812,5.0,5.0,0,0,1
474,795930bc4ed320777ad76b46da2ed66d,4.8,4.8,1,0,0
475,c2dcc0b178176d7e6b185df9bd1cb4f2,0.0,0.0,1,0,0
476,795930bc4ed320777ad76b46da2ed66d,4.8,4.8,0,1,0
477,052066814364850e1a17a90d576dd904,4.2,4.2,1,0,0
478,052066814364850e1a17a90d576dd904,4.2,4.2,0,1,0
479,052066814364850e1a17a90d576dd904,4.2,4.2,0,1,0
480,dee1febfdeb9c90a41759cb330c72fd4,4.54,4.54,1,0,0
481,dee1febfdeb9c90a41759cb330c72fd4,4.54,4.54,0,1,0
482,c2dcc0b178176d7e6b185df9bd1cb4f2,0.0,0.0,0,1,0
483,caf77e4ba6154e998b352cc92c685f80,4.83,4.83,1,0,0
484,795930bc4ed320777ad76b46da2ed66d,4.8,4.8,0,1,0
485,caf77e4ba6154e998b352cc92c685f80,4.83,4.83,0,1,0
486,4bb6e496f0c92286dee7eed7038ddd9d,4.89,4.89,1,0,0
487,7e22ad15724c44543d1d4bcafd10c812,5.0,5.0,1,0,0
488,4bb6e496f0c92286dee7eed7038ddd9d,4.89,4.89,0,1,0
489,39b71201151caf98fd10afce50cfc83e,4.85,4.85,0,1,0
490,ea452a7456e38887ca8b98f4e131d224,5.0,5.0,1,0,0
491,39b71201151caf98fd10afce50cfc83e,4.85,4.85,1,0,0
492,ea452a7456e38887ca8b98f4e131d224,5.0,5.0,0,1,0
493,7e22ad15724c44543d1d4bcafd10c812,5.0,5.0,0,1,0
494,c2dcc0b178176d7e6b185df9bd1cb4f2,0.0,0.0,0,1,0
495,c2dcc0b178176d7e6b185df9bd1cb4f2,0.0,0.0,1,0,0
496,7e22ad15724c44543d1d4bcafd10c812,5.0,5.0,1,0,0
497,6c6bd5e891c4015e534773dfb19f29b0,5.0,5.0,0,1,0
498,6c6bd5e891c4015e534773dfb19f29b0,5.0,5.0,1,0,0
499,6c6bd5e891c4015e534773dfb19f29b0,5.0,5.0,0,1,0
500,6c6bd5e891c4015e534773dfb19f29b0,5.0,5.0,1,0,0
501,6c6bd5e891c4015e534773dfb19f29b0,5.0,5.0,0,1,0
502,6c6bd5e891c4015e534773dfb19f29b0,5.0,5.0,1,0,0
503,6c6bd5e891c4015e534773dfb19f29b0,5.0,5.0,0,1,0
504,6c6bd5e891c4015e534773dfb19f29b0,5.0,5.0,1,0,0
505,6c6bd5e891c4015e534773dfb19f29b0,5.0,5.0,1,0,0
506,6c6bd5e891c4015e534773dfb19f29b0,5.0,5.0,0,1,0
507,6c6bd5e891c4015e534773dfb19f29b0,5.0,5.0,0,1,0
508,6c6bd5e891c4015e534773dfb19f29b0,5.0,5.0,1,0,0
509,6c6bd5e891c4015e534773dfb19f29b0,5.0,5.0,1,0,0
510,6c6bd5e891c4015e534773dfb19f29b0,5.0,5.0,0,1,0
511,de71db592b02c988670ca3d301a02568,5.0,5.0,1,0,0
512,6b19235b9269df81b6da879771bf40bc,0.0,0.0,1,0,0
513,6b19235b9269df81b6da879771bf40bc,0.0,0.0,0,0,1
514,6b19235b9269df81b6da879771bf40bc,0.0,0.0,1,0,0
515,0e9802516f8a79dd0d45211dd4ee74af,4.5,4.5,1,0,0
516,642782c690c8d963c487300a4751e220,4.97,4.97,1,0,0
517,642782c690c8d963c487300a4751e220,4.97,4.97,0,1,0
518,0e9802516f8a79dd0d45211dd4ee74af,4.5,4.5,0,1,0
519,642782c690c8d963c487300a4751e220,4.97,4.97,0,1,0
520,39b71201151caf98fd10afce50cfc83e,4.85,4.85,0,1,0
521,642782c690c8d963c487300a4751e220,4.97,4.97,1,0,0
522,732e4a29b2e318bce3c1e923276ddf51,5.0,5.0,1,0,0
523,732e4a29b2e318bce3c1e923276ddf51,5.0,5.0,0,1,0
524,6b19235b9269df81b6da879771bf40bc,0.0,0.0,0,0,1
525,de71db592b02c988670ca3d301a02568,5.0,5.0,0,1,0
526,2df8ce7d317c7d89dfa95be7695d2de0,0.0,0.0,1,0,0
527,39b71201151caf98fd10afce50cfc83e,4.85,4.85,1,0,0
528,2df8ce7d317c7d89dfa95be7695d2de0,0.0,0.0,0,1,0
529,732e4a29b2e318bce3c1e923276ddf51,5.0,5.0,0,1,0
530,d6eaa4eeb52b4d62ec78299454763870,5.0,5.0,0,1,0
531,732e4a29b2e318bce3c1e923276ddf51,5.0,5.0,1,0,0
532,4bb6e496f0c92286dee7eed7038ddd9d,4.89,4.89,0,1,0
533,d6eaa4eeb52b4d62ec78299454763870,5.0,5.0,1,0,0
534,4bb6e496f0c92286dee7eed7038ddd9d,4.89,4.89,1,0,0
535,642782c690c8d963c487300a4751e220,4.97,4.97,1,0,0
536,642782c690c8d963c487300a4751e220,4.97,4.97,0,1,0
537,732e4a29b2e318bce3c1e923276ddf51,5.0,5.0,1,0,0
538,642782c690c8d963c487300a4751e220,4.97,4.97,0,1,0
539,732e4a29b2e318bce3c1e923276ddf51,5.0,5.0,0,1,0
540,642782c690c8d963c487300a4751e220,4.97,4.97,1,0,0
541,dee1febfdeb9c90a41759cb330c72fd4,4.54,4.54,0,1,0
542,dee1febfdeb9c90a41759cb330c72fd4,4.54,4.54,1,0,0
543,2df8ce7d317c7d89dfa95be7695d2de0,0.0,0.0,1,0,0
544,2df8ce7d317c7d89dfa95be7695d2de0,0.0,0.0,0,1,0
545,83f00c2268afaf459715f4c52e16dd23,4.43,4.43,1,0,0
546,dee1febfdeb9c90a41759cb330c72fd4,4.54,4.54,1,0,0
547,83f00c2268afaf459715f4c52e16dd23,4.43,4.43,0,1,0
548,9fa24ddce8fd9d1526d9d7451304fc74,4.89,4.89,1,0,0
549,d8e25a290ea51352bf9100a99c475f6d,5.0,5.0,0,1,0
550,9fa24ddce8fd9d1526d9d7451304fc74,4.89,4.89,0,1,0
551,dee1febfdeb9c90a41759cb330c72fd4,4.54,4.54,0,1,0
552,710dbda77cade1eced9c735c08e6e38d,5.0,5.0,1,0,0
553,d8e25a290ea51352bf9100a99c475f6d,5.0,5.0,1,0,0
554,3a8a0b0323b02a707535fe7d65821de3,4.64,4.64,0,1,0
555,710dbda77cade1eced9c735c08e6e38d,5.0,5.0,0,1,0
556,3a8a0b0323b02a707535fe7d65821de3,4.64,4.64,1,0,0
557,a09c8906073b4c0b75e3100b857b982a,5.0,5.0,1,0,0
558,a09c8906073b4c0b75e3100b857b982a,5.0,5.0,0,1,0
559,d74c4a7423dd3ee0a78de5481c364823,4.65,4.65,1,0,0
560,d74c4a7423dd3ee0a78de5481c364823,4.65,4.65,0,1,0
561,710dbda77cade1eced9c735c08e6e38d,5.0,5.0,0,1,0
562,710dbda77cade1eced9c735c08e6e38d,5.0,5.0,1,0,0
563,732e4a29b2e318bce3c1e923276ddf51,5.0,5.0,1,0,0
564,732e4a29b2e318bce3c1e923276ddf51,5.0,5.0,0,1,0
565,94959cf2d0b592d0fa1e5e9cf760a1c7,5.0,5.0,0,1,0
566,94959cf2d0b592d0fa1e5e9cf760a1c7,5.0,5.0,1,0,0
567,0c2680433387fb4cf51a3546296f8422,4.52,4.52,1,0,0
568,b89eb67419465a9e2c9da08dae6023e2,0.0,0.0,0,1,0
569,dddcdea13df8232803957a5d9c847aae,4.31,4.31,1,0,0
570,0c2680433387fb4cf51a3546296f8422,4.52,4.52,1,0,0
571,0c2680433387fb4cf51a3546296f8422,4.52,4.52,0,0,1
572,0c2680433387fb4cf51a3546296f8422,4.52,4.52,0,0,1
573,dddcdea13df8232803957a5d9c847aae,4.31,4.31,0,0,1
574,dddcdea13df8232803957a5d9c847aae,4.31,4.31,0,0,1
575,dddcdea13df8232803957a5d9c847aae,4.31,4.31,1,0,0
576,b89eb67419465a9e2c9da08dae6023e2,0.0,0.0,1,0,0
577,642782c690c8d963c487300a4751e220,4.97,4.97,0,1,0
578,642782c690c8d963c487300a4751e220,4.97,4.97,1,0,0
579,732e4a29b2e318bce3c1e923276ddf51,5.0,5.0,0,1,0
580,9fa24ddce8fd9d1526d9d7451304fc74,4.89,4.89,0,0,1
581,0e9802516f8a79dd0d45211dd4ee74af,4.5,4.5,1,0,0
582,0e9802516f8a79dd0d45211dd4ee74af,4.5,4.5,0,1,0
583,9fa24ddce8fd9d1526d9d7451304fc74,4.89,4.89,1,0,0
584,732e4a29b2e318bce3c1e923276ddf51,5.0,5.0,0,1,0
585,732e4a29b2e318bce3c1e923276ddf51,5.0,5.0,1,0,0
586,732e4a29b2e318bce3c1e923276ddf51,5.0,5.0,1,0,0
587,9fa24ddce8fd9d1526d9d7451304fc74,4.89,4.89,0,0,1
588,9fa24ddce8fd9d1526d9d7451304fc74,4.89,4.89,1,0,0
589,732e4a29b2e318bce3c1e923276ddf51,5.0,5.0,1,0,0
590,94959cf2d0b592d0fa1e5e9cf760a1c7,5.0,5.0,1,0,0
591,94959cf2d0b592d0fa1e5e9cf760a1c7,5.0,5.0,0,1,0
592,30ea4ac9222bfa53b3849df49d6f26f0,0.0,0.0,1,0,0
593,3a29165b73c047e745934c2cbbfaac1b,4.67,4.67,0,1,0
594,a09c8906073b4c0b75e3100b857b982a,5.0,5.0,1,0,0
595,732e4a29b2e318bce3c1e923276ddf51,5.0,5.0,1,0,0
596,3a29165b73c047e745934c2cbbfaac1b,4.67,4.67,1,0,0
597,a09c8906073b4c0b75e3100b857b982a,5.0,5.0,0,1,0
598,94959cf2d0b592d0fa1e5e9cf760a1c7,5.0,5.0,1,0,0
599,a09c8906073b4c0b75e3100b857b982a,5.0,5.0,0,1,0
600,94959cf2d0b592d0fa1e5e9cf760a1c7,5.0,5.0,0,1,0
601,30ea4ac9222bfa53b3849df49d6f26f0,0.0,0.0,0,1,0
602,732e4a29b2e318bce3c1e923276ddf51,5.0,5.0,1,0,0
603,732e4a29b2e318bce3c1e923276ddf51,5.0,5.0,0,1,0
604,a09c8906073b4c0b75e3100b857b982a,5.0,5.0,1,0,0
605,a09c8906073b4c0b75e3100b857b982a,5.0,5.0,1,0,0
606,9fcbc63ff4c8bea5cea4efad782c87cf,5.0,5.0,1,0,0
607,a09c8906073b4c0b75e3100b857b982a,5.0,5.0,0,1,0
608,9fcbc63ff4c8bea5cea4efad782c87cf,5.0,5.0,0,1,0
609,94959cf2d0b592d0fa1e5e9cf760a1c7,5.0,5.0,0,1,0
610,d6eaa4eeb52b4d62ec78299454763870,4.6,4.6,0,1,0
611,d6eaa4eeb52b4d62ec78299454763870,4.6,4.6,1,0,0
612,9fa24ddce8fd9d1526d9d7451304fc74,4.89,4.89,0,1,0
613,9fa24ddce8fd9d1526d9d7451304fc74,4.89,4.89,1,0,0
614,732e4a29b2e318bce3c1e923276ddf51,5.0,5.0,0,1,0
615,732e4a29b2e318bce3c1e923276ddf51,5.0,5.0,1,0,0
616,94959cf2d0b592d0fa1e5e9cf760a1c7,5.0,5.0,1,0,0
617,732e4a29b2e318bce3c1e923276ddf51,5.0,5.0,1,0,0
618,94959cf2d0b592d0fa1e5e9cf760a1c7,5.0,5.0,1,0,0
619,94959cf2d0b592d0fa1e5e9cf760a1c7,5.0,5.0,0,1,0
620,94959cf2d0b592d0fa1e5e9cf760a1c7,5.0,5.0,0,1,0
621,732e4a29b2e318bce3c1e923276ddf51,5.0,5.0,0,1,0
622,94959cf2d0b592d0fa1e5e9cf760a1c7,5.0,5.0,1,0,0
623,732e4a29b2e318bce3c1e923276ddf51,5.0,5.0,1,0,0
624,94959cf2d0b592d0fa1e5e9cf760a1c7,5.0,5.0,0,1,0
625,732e4a29b2e318bce3c1e923276ddf51,5.0,5.0,1,0,0
626,732e4a29b2e318bce3c1e923276ddf51,5.0,5.0,0,1,0
627,710dbda77cade1eced9c735c08e6e38d,5.0,5.0,1,0,0
628,710dbda77cade1eced9c735c08e6e38d,5.0,5.0,0,1,0
629,a09c8906073b4c0b75e3100b857b982a,5.0,5.0,1,0,0
630,9286ce84f2401fbd6635f7d768c3cad1,0.0,0.0,0,1,0
631,9286ce84f2401fbd6635f7d768c3cad1,0.0,0.0,1,0,0
632,732e4a29b2e318bce3c1e923276ddf51,5.0,5.0,0,1,0
633,732e4a29b2e318bce3c1e923276ddf51,5.0,5.0,1,0,0
634,c033808b89b50e6f550caf266470f090,4.9,4.9,0,1,0
635,94959cf2d0b592d0fa1e5e9cf760a1c7,5.0,5.0,1,0,0
636,c033808b89b50e6f550caf266470f090,4.9,4.9,1,0,0
637,a09c8906073b4c0b75e3100b857b982a,5.0,5.0,0,1,0
638,94959cf2d0b592d0fa1e5e9cf760a1c7,5.0,5.0,1,0,0
639,94959cf2d0b592d0fa1e5e9cf760a1c7,5.0,5.0,0,1,0
640,732e4a29b2e318bce3c1e923276ddf51,5.0,5.0,1,0,0
641,9fa24ddce8fd9d1526d9d7451304fc74,4.89,4.89,0,1,0
642,9fa24ddce8fd9d1526d9d7451304fc74,4.89,4.89,0,1,0
643,94959cf2d0b592d0fa1e5e9cf760a1c7,5.0,5.0,0,1,0
644,94959cf2d0b592d0fa1e5e9cf760a1c7,5.0,5.0,1,0,0
645,d5aa695af013ee5baaeeccfb7ca50c80,4.7,4.7,1,0,0
646,d5aa695af013ee5baaeeccfb7ca50c80,4.7,4.7,0,1,0
647,d5aa695af013ee5baaeeccfb7ca50c80,4.7,4.7,0,1,0
648,9fa24ddce8fd9d1526d9d7451304fc74,4.89,4.89,1,0,0
649,94959cf2d0b592d0fa1e5e9cf760a1c7,5.0,5.0,1,0,0
650,94959cf2d0b592d0fa1e5e9cf760a1c7,5.0,5.0,0,1,0
651,c2d7982e24aadeea8921108d0eb756d8,4.45,4.45,0,0,1
652,608b40f66ef114c6d9f5c95021290f69,0.0,0.0,0,0,1
653,c2d7982e24aadeea8921108d0eb756d8,4.45,4.45,1,0,0
654,c2d7982e24aadeea8921108d0eb756d8,4.45,4.45,0,0,1
655,85c7b78e76b5232cd38014ea4cdc8f56,4.35,4.35,1,0,0
656,85c7b78e76b5232cd38014ea4cdc8f56,4.35,4.35,0,0,1
657,85c7b78e76b5232cd38014ea4cdc8f56,4.35,4.35,1,0,0
658,c2d7982e24aadeea8921108d0eb756d8,4.45,4.45,1,0,0
659,608b40f66ef114c6d9f5c95021290f69,0.0,0.0,1,0,0
660,85c7b78e76b5232cd38014ea4cdc8f56,4.35,4.35,0,0,1
661,608b40f66ef114c6d9f5c95021290f69,0.0,0.0,0,0,1
662,608b40f66ef114c6d9f5c95021290f69,0.0,0.0,1,0,0
663,85c7b78e76b5232cd38014ea4cdc8f56,4.35,4.35,0,0,1
664,a09c8906073b4c0b75e3100b857b982a,5.0,5.0,1,0,0
665,c2d7982e24aadeea8921108d0eb756d8,4.45,4.45,1,0,0
666,0c2680433387fb4cf51a3546296f8422,4.52,4.52,1,0,0
667,0c2680433387fb4cf51a3546296f8422,4.52,4.52,0,0,1
668,0c2680433387fb4cf51a3546296f8422,4.52,4.52,1,0,0
669,0c2680433387fb4cf51a3546296f8422,4.52,4.52,0,0,1
670,dddcdea13df8232803957a5d9c847aae,4.31,4.31,1,0,0
671,dddcdea13df8232803957a5d9c847aae,4.31,4.31,0,1,0
672,a09c8906073b4c0b75e3100b857b982a,5.0,5.0,0,1,0
673,85c7b78e76b5232cd38014ea4cdc8f56,4.35,4.35,1,0,0
674,c2d7982e24aadeea8921108d0eb756d8,4.45,4.45,1,0,0
675,c2d7982e24aadeea8921108d0eb756d8,4.45,4.45,0,0,1
676,c2d7982e24aadeea8921108d0eb756d8,4.45,4.45,0,0,1
677,94959cf2d0b592d0fa1e5e9cf760a1c7,5.0,5.0,0,1,0
678,94959cf2d0b592d0fa1e5e9cf760a1c7,5.0,5.0,1,0,0
679,98de7e62209a07eee6ec8dc984911042,0.0,0.0,1,0,0
680,98de7e62209a07eee6ec8dc984911042,0.0,0.0,0,0,1
681,85c7b78e76b5232cd38014ea4cdc8f56,4.35,4.35,0,0,1
682,0e9802516f8a79dd0d45211dd4ee74af,4.5,4.5,0,1,0
683,98de7e62209a07eee6ec8dc984911042,0.0,0.0,0,1,0
684,0e9802516f8a79dd0d45211dd4ee74af,4.5,4.5,1,0,0
685,85c7b78e76b5232cd38014ea4cdc8f56,4.35,4.35,1,0,0
686,98de7e62209a07eee6ec8dc984911042,0.0,0.0,1,0,0
687,62060850630c7afe54fd59151413d237,4.82,4.82,1,0,0
688,62060850630c7afe54fd59151413d237,4.82,4.82,0,0,1
689,642782c690c8d963c487300a4751e220,4.97,4.97,0,1,0
690,62060850630c7afe54fd59151413d237,4.82,4.82,1,0,0
691,62060850630c7afe54fd59151413d237,4.82,4.82,0,1,0
692,642782c690c8d963c487300a4751e220,4.97,4.97,1,0,0
693,62060850630c7afe54fd59151413d237,4.82,4.82,1,0,0
694,62060850630c7afe54fd59151413d237,4.82,4.82,1,0,0
695,62060850630c7afe54fd59151413d237,4.82,4.82,0,0,1
696,62060850630c7afe54fd59151413d237,4.82,4.82,1,0,0
697,62060850630c7afe54fd59151413d237,4.82,4.82,0,0,1
698,62060850630c7afe54fd59151413d237,4.82,4.82,1,0,0
699,62060850630c7afe54fd59151413d237,4.82,4.82,0,1,0
700,62060850630c7afe54fd59151413d237,4.82,4.82,0,0,1
701,8258591d197a3936de0f7ee021ab9e0e,0.0,0.0,1,0,0
702,e2333b2dc03032f12c8526e45243f0c1,0.0,0.0,1,0,0
703,8258591d197a3936de0f7ee021ab9e0e,0.0,0.0,0,1,0
704,e2333b2dc03032f12c8526e45243f0c1,0.0,0.0,0,1,0
705,62060850630c7afe54fd59151413d237,4.82,4.82,0,1,0
706,94959cf2d0b592d0fa1e5e9cf760a1c7,5.0,5.0,0,0,1
707,00360b3f177375b01b795a4be7b4686c,0.0,0.0,0,0,1
708,94959cf2d0b592d0fa1e5e9cf760a1c7,5.0,5.0,0,0,1
709,94959cf2d0b592d0fa1e5e9cf760a1c7,5.0,5.0,1,0,0
710,62060850630c7afe54fd59151413d237,4.82,4.82,1,0,0
711,00360b3f177375b01b795a4be7b4686c,0.0,0.0,1,0,0
712,8258591d197a3936de0f7ee021ab9e0e,0.0,0.0,1,0,0
713,a09c8906073b4c0b75e3100b857b982a,5.0,5.0,1,0,0
714,a09c8906073b4c0b75e3100b857b982a,5.0,5.0,0,1,0
715,a09c8906073b4c0b75e3100b857b982a,5.0,5.0,1,0,0
716,8258591d197a3936de0f7ee021ab9e0e,0.0,0.0,0,0,1
717,8258591d197a3936de0f7ee021ab9e0e,0.0,0.0,1,0,0
718,6b19235b9269df81b6da879771bf40bc,0.0,0.0,0,1,0
719,8258591d197a3936de0f7ee021ab9e0e,0.0,0.0,0,0,1
720,62060850630c7afe54fd59151413d237,4.82,4.82,0,0,1
721,62060850630c7afe54fd59151413d237,4.82,4.82,1,0,0
722,00360b3f177375b01b795a4be7b4686c,0.0,0.0,1,0,0
723,94959cf2d0b592d0fa1e5e9cf760a1c7,5.0,5.0,1,0,0
724,00360b3f177375b01b795a4be7b4686c,0.0,0.0,0,0,1
725,a09c8906073b4c0b75e3100b857b982a,5.0,5.0,0,0,1
726,a09c8906073b4c0b75e3100b857b982a,5.0,5.0,1,0,0
727,a09c8906073b4c0b75e3100b857b982a,5.0,5.0,0,0,1
728,6b19235b9269df81b6da879771bf40bc,0.0,0.0,1,0,0
729,6b19235b9269df81b6da879771bf40bc,0.0,0.0,0,1,0
730,62060850630c7afe54fd59151413d237,4.82,4.82,0,1,0
731,62060850630c7afe54fd59151413d237,4.82,4.82,1,0,0
732,62060850630c7afe54fd59151413d237,4.82,4.82,0,0,1
733,62060850630c7afe54fd59151413d237,4.82,4.82,1,0,0
734,62060850630c7afe54fd59151413d237,4.82,4.82,0,0,1
735,62060850630c7afe54fd59151413d237,4.82,4.82,1,0,0
736,62060850630c7afe54fd59151413d237,4.82,4.82,0,0,1
737,62060850630c7afe54fd59151413d237,4.82,4.82,0,0,1
738,62060850630c7afe54fd59151413d237,4.82,4.82,1,0,0
739,62060850630c7afe54fd59151413d237,4.82,4.82,1,0,0
740,62060850630c7afe54fd59151413d237,4.82,4.82,0,0,1
741,6b19235b9269df81b6da879771bf40bc,0.0,0.0,1,0,0
742,62060850630c7afe54fd59151413d237,4.82,4.82,1,0,0
743,62060850630c7afe54fd59151413d237,4.82,4.82,0,0,1
744,62060850630c7afe54fd59151413d237,4.82,4.82,1,0,0
745,c033808b89b50e6f550caf266470f090,4.9,4.9,0,1,0
746,c033808b89b50e6f550caf266470f090,4.9,4.9,1,0,0
747,9286ce84f2401fbd6635f7d768c3cad1,0.0,0.0,0,1,0
748,62060850630c7afe54fd59151413d237,4.82,4.82,1,0,0
749,b89eb67419465a9e2c9da08dae6023e2,0.0,0.0,0,1,0
750,b89eb67419465a9e2c9da08dae6023e2,0.0,0.0,1,0,0
751,62060850630c7afe54fd59151413d237,4.82,4.82,0,1,0
752,9286ce84f2401fbd6635f7d768c3cad1,0.0,0.0,1,0,0
753,00360b3f177375b01b795a4be7b4686c,0.0,0.0,1,0,0
754,00360b3f177375b01b795a4be7b4686c,0.0,0.0,0,0,1
755,62060850630c7afe54fd59151413d237,4.82,4.82,1,0,0
756,62060850630c7afe54fd59151413d237,4.82,4.82,0,0,1
757,62060850630c7afe54fd59151413d237,4.82,4.82,0,1,0
758,00360b3f177375b01b795a4be7b4686c,0.0,0.0,1,0,0
759,62060850630c7afe54fd59151413d237,4.82,4.82,0,1,0
760,a09c8906073b4c0b75e3100b857b982a,5.0,5.0,1,0,0
761,62060850630c7afe54fd59151413d237,4.82,4.82,1,0,0
762,a09c8906073b4c0b75e3100b857b982a,5.0,5.0,0,1,0
763,62060850630c7afe54fd59151413d237,4.82,4.82,1,0,0
764,00360b3f177375b01b795a4be7b4686c,0.0,0.0,0,0,1
765,95130c93e28b36bcb5ecd7e747b4d5c2,0.0,0.0,1,0,0
766,95130c93e28b36bcb5ecd7e747b4d5c2,0.0,0.0,0,0,1
767,85c7b78e76b5232cd38014ea4cdc8f56,4.35,4.35,0,1,0
768,62060850630c7afe54fd59151413d237,4.82,4.82,0,1,0
769,62060850630c7afe54fd59151413d237,4.82,4.82,1,0,0
770,85c7b78e76b5232cd38014ea4cdc8f56,4.35,4.35,1,0,0
771,62060850630c7afe54fd59151413d237,4.82,4.82,1,0,0
772,62060850630c7afe54fd59151413d237,4.82,4.82,0,1,0
773,0e9802516f8a79dd0d45211dd4ee74af,4.5,4.5,1,0,0
774,0e9802516f8a79dd0d45211dd4ee74af,4.5,4.5,0,1,0
775,62060850630c7afe54fd59151413d237,4.82,4.82,0,1,0
776,62060850630c7afe54fd59151413d237,4.82,4.82,1,0,0
777,62060850630c7afe54fd59151413d237,4.82,4.82,0,1,0
778,62060850630c7afe54fd59151413d237,4.82,4.82,1,0,0
779,d8e25a290ea51352bf9100a99c475f6d,5.0,5.0,1,0,0
780,d8e25a290ea51352bf9100a99c475f6d,5.0,5.0,0,1,0
781,d8e25a290ea51352bf9100a99c475f6d,5.0,5.0,0,1,0
782,d8e25a290ea51352bf9100a99c475f6d,5.0,5.0,1,0,0
783,d8e25a290ea51352bf9100a99c475f6d,5.0,5.0,1,0,0
784,d8e25a290ea51352bf9100a99c475f6d,5.0,5.0,1,0,0
785,d8e25a290ea51352bf9100a99c475f6d,5.0,5.0,0,1,0
786,710dbda77cade1eced9c735c08e6e38d,5.0,5.0,0,1,0
787,710dbda77cade1eced9c735c08e6e38d,5.0,5.0,1,0,0
788,710dbda77cade1eced9c735c08e6e38d,5.0,5.0,0,1,0
789,710dbda77cade1eced9c735c08e6e38d,5.0,5.0,1,0,0
