record,request,request_created_at,job,event_occured_at,wait_time_min,waiting_for
1,59480d57e759070028da6467,2017-06-19 13:43:51,review,2017-06-21 21:50:31,1,"review, planning, editing, sourcing, writing"
2,59480d57e759070028da6467,2017-06-19 13:43:51,review,2017-06-21 21:26:17,1,review
3,59480d57e759070028da6467,2017-06-19 13:43:51,review,2017-06-21 21:27:19,2,review
4,59480d57e759070028da6467,2017-06-19 13:43:51,review,2017-06-21 21:26:52,2,review
5,59480d57e759070028da6467,2017-06-19 13:43:51,review,2017-06-21 21:26:52,2,review
6,59480d57e759070028da6467,2017-06-19 13:43:51,review,2017-06-21 21:50:30,1,"review, planning, editing, sourcing, writing"
7,59485c262e71030033104e3c,2017-06-19 19:20:06,review,2017-06-22 06:19:35,1,"review, vetting, editing, sourcing, writing"
8,59485c262e71030033104e3c,2017-06-19 19:20:06,review,2017-06-22 06:19:33,1,"review, vetting, editing, sourcing, writing"
9,59485c262e71030033104e3c,2017-06-19 19:20:06,sourcing,2017-06-21 21:26:19,1,sourcing
10,59485c262e71030033104e3c,2017-06-19 19:20:06,writing,2017-06-22 05:04:04,1,"sourcing, writing"
11,59485c262e71030033104e3c,2017-06-19 19:20:06,writing,2017-06-22 04:51:04,1,"sourcing, writing"
12,59485c262e71030033104e3c,2017-06-19 19:20:06,writing,2017-06-22 04:50:59,1,"sourcing, writing"
13,59485c262e71030033104e3c,2017-06-19 19:20:06,source review,2017-06-22 01:39:39,1,"review, planning, editing, sourcing, writing"
14,59485c262e71030033104e3c,2017-06-19 19:20:06,source review,2017-06-22 01:39:30,1,"review, planning, editing, sourcing, writing"
15,59485c262e71030033104e3c,2017-06-19 19:20:06,writing,2017-06-22 05:04:00,1,"sourcing, writing"
16,59485c262e71030033104e3c,2017-06-19 19:20:06,sourcing,2017-06-21 21:26:17,1,sourcing
17,59486e7af5874900429ce273,2017-06-19 20:38:18,review,2017-06-21 21:18:06,1,review
18,59486e7af5874900429ce273,2017-06-19 20:38:18,review,2017-06-21 21:18:10,1,review
19,5949462dd9ae5200633f9640,2017-06-20 11:58:37,editing,2017-06-21 22:03:13,5,editing
20,5949462dd9ae5200633f9640,2017-06-20 11:58:37,editing,2017-06-21 22:03:02,5,editing
21,5949462dd9ae5200633f9640,2017-06-20 11:58:37,review,2017-06-21 21:21:06,1,"review, editing, sourcing, writing"
22,5949462dd9ae5200633f9640,2017-06-20 11:58:37,review,2017-06-21 21:25:06,1,review
23,5949462dd9ae5200633f9640,2017-06-20 11:58:37,review,2017-06-21 21:21:01,1,"review, editing, sourcing, writing"
24,5949462dd9ae5200633f9640,2017-06-20 11:58:37,review,2017-06-21 21:25:09,1,review
25,59494c13d9ae5200633f9695,2017-06-20 12:23:47,review,2017-06-21 22:00:10,1,"review, planning, editing, sourcing, writing"
26,59494c13d9ae5200633f9695,2017-06-20 12:23:47,review,2017-06-21 22:00:07,1,"review, planning, editing, sourcing, writing"
27,5949a81c4d1319005556396c,2017-06-20 18:56:28,review,2017-06-22 05:46:09,1,"review, vetting, editing, sourcing, writing"
28,5949a81c4d1319005556396c,2017-06-20 18:56:28,review,2017-06-22 05:37:10,1,review
29,5949a81c4d1319005556396c,2017-06-20 18:56:28,review,2017-06-22 05:37:07,1,review
30,5949a81c4d1319005556396c,2017-06-20 18:56:28,writing,2017-06-22 02:05:27,1,writing
31,5949a81c4d1319005556396c,2017-06-20 18:56:28,writing,2017-06-22 02:05:22,1,writing
32,5949a81c4d1319005556396c,2017-06-20 18:56:28,editing,2017-06-22 13:16:17,1,"editing, writing"
33,5949a81c4d1319005556396c,2017-06-20 18:56:28,review,2017-06-22 05:46:13,1,"review, vetting, editing, sourcing, writing"
34,5949a81c4d1319005556396c,2017-06-20 18:56:28,writing,2017-06-22 05:53:43,1,"review, vetting, editing, sourcing, writing"
35,5949a81c4d1319005556396c,2017-06-20 18:56:28,sourcing,2017-06-21 23:01:59,1,sourcing
36,5949a81c4d1319005556396c,2017-06-20 18:56:28,sourcing,2017-06-21 23:02:01,1,sourcing
37,5949a81c4d1319005556396c,2017-06-20 18:56:28,editing,2017-06-22 13:16:28,1,"editing, writing"
38,5949a81c4d1319005556396c,2017-06-20 18:56:28,source review,2017-06-22 00:58:58,1,"review, planning, editing, sourcing, writing"
39,5949a81c4d1319005556396c,2017-06-20 18:56:28,writing,2017-06-22 06:01:39,1,writing
40,5949a81c4d1319005556396c,2017-06-20 18:56:28,review,2017-06-21 20:21:32,1,"review, editing, sourcing, writing"
41,5949a81c4d1319005556396c,2017-06-20 18:56:28,review,2017-06-21 20:21:39,1,"review, editing, sourcing, writing"
42,5949a81c4d1319005556396c,2017-06-20 18:56:28,editing,2017-06-22 12:46:09,1,editing
43,5949a81c4d1319005556396c,2017-06-20 18:56:28,editing,2017-06-22 12:46:02,1,editing
44,5949a81c4d1319005556396c,2017-06-20 18:56:28,editing,2017-06-22 12:38:43,54,editing
45,5949a81c4d1319005556396c,2017-06-20 18:56:28,editing,2017-06-22 12:38:26,53,editing
46,5949a81c4d1319005556396c,2017-06-20 18:56:28,review,2017-06-22 12:18:33,1,review
47,5949a81c4d1319005556396c,2017-06-20 18:56:28,review,2017-06-22 12:18:31,1,review
48,5949a81c4d1319005556396c,2017-06-20 18:56:28,writing,2017-06-22 05:53:46,1,"review, vetting, editing, sourcing, writing"
49,5949a81c4d1319005556396c,2017-06-20 18:56:28,review,2017-06-22 11:10:45,1,review
50,5949a81c4d1319005556396c,2017-06-20 18:56:28,source review,2017-06-21 21:11:41,1,"review, editing, sourcing, writing"
51,5949a81c4d1319005556396c,2017-06-20 18:56:28,source review,2017-06-21 21:11:47,1,"review, editing, sourcing, writing"
52,5949a81c4d1319005556396c,2017-06-20 18:56:28,sourcing,2017-06-21 21:21:01,1,"editing, sourcing"
53,5949a81c4d1319005556396c,2017-06-20 18:56:28,sourcing,2017-06-21 21:21:04,1,"editing, sourcing"
54,5949a81c4d1319005556396c,2017-06-20 18:56:28,source review,2017-06-22 00:59:00,1,"review, planning, editing, sourcing, writing"
55,5949a81c4d1319005556396c,2017-06-20 18:56:28,writing,2017-06-22 06:01:43,1,writing
56,5949a81c4d1319005556396c,2017-06-20 18:56:28,sourcing,2017-06-21 21:33:52,1,sourcing
57,5949a81c4d1319005556396c,2017-06-20 18:56:28,sourcing,2017-06-21 21:34:05,1,sourcing
58,5949a81c4d1319005556396c,2017-06-20 18:56:28,review,2017-06-22 11:10:42,1,review
59,5949bdb4fe2f5d005b4f4910,2017-06-20 20:28:36,review,2017-06-21 20:15:45,1,"review, editing, sourcing, writing"
60,5949bdb4fe2f5d005b4f4910,2017-06-20 20:28:36,review,2017-06-21 20:15:42,1,"review, editing, sourcing, writing"
61,5949bdbcfe2f5d005b4f4928,2017-06-20 20:28:44,editing,2017-06-21 20:25:04,1,editing
62,5949bdbcfe2f5d005b4f4928,2017-06-20 20:28:44,editing,2017-06-21 20:25:07,1,editing
63,5949e376f03c130028baa724,2017-06-20 23:09:42,writing,2017-06-21 21:33:17,2,"sourcing, writing"
64,5949e376f03c130028baa724,2017-06-20 23:09:42,writing,2017-06-21 21:35:02,1,"sourcing, writing"
65,5949e376f03c130028baa724,2017-06-20 23:09:42,writing,2017-06-21 21:34:59,1,"sourcing, writing"
66,5949e376f03c130028baa724,2017-06-20 23:09:42,writing,2017-06-21 21:33:52,2,"sourcing, writing"
67,5949e376f03c130028baa724,2017-06-20 23:09:42,writing,2017-06-21 21:26:19,1,"sourcing, writing"
68,5949e376f03c130028baa724,2017-06-20 23:09:42,writing,2017-06-21 21:26:17,1,"sourcing, writing"
69,594a4325499a400071d4cca4,2017-06-21 05:57:57,review,2017-06-21 22:04:15,1,review
70,594a4325499a400071d4cca4,2017-06-21 05:57:57,review,2017-06-21 22:04:10,1,review
71,594a536d220b450040dc0182,2017-06-21 07:07:25,review,2017-06-21 20:22:47,1,review
72,594a536d220b450040dc0182,2017-06-21 07:07:25,review,2017-06-21 20:22:44,1,review
73,594a5e5566cb69006fdcf09d,2017-06-21 07:53:57,writing,2017-06-21 21:07:01,1,"editing, sourcing, writing"
74,594a5e5566cb69006fdcf09d,2017-06-21 07:53:57,review,2017-06-21 20:32:08,1,review
75,594a5e5566cb69006fdcf09d,2017-06-21 07:53:57,review,2017-06-22 00:31:41,1,"review, editing, sourcing, writing"
76,594a5e5566cb69006fdcf09d,2017-06-21 07:53:57,review,2017-06-21 20:32:04,1,review
77,594a5e5566cb69006fdcf09d,2017-06-21 07:53:57,writing,2017-06-21 21:07:13,1,"editing, sourcing, writing"
78,594a5e5566cb69006fdcf09d,2017-06-21 07:53:57,review,2017-06-22 00:33:17,2,"review, editing, sourcing, writing"
79,594a5e5566cb69006fdcf09d,2017-06-21 07:53:57,review,2017-06-22 01:18:51,1,"review, planning, editing, sourcing, writing"
80,594a5e5566cb69006fdcf09d,2017-06-21 07:53:57,review,2017-06-22 00:23:56,1,"review, editing, sourcing, writing"
81,594a5e5566cb69006fdcf09d,2017-06-21 07:53:57,review,2017-06-22 00:23:59,1,"review, editing, sourcing, writing"
82,594a5e5566cb69006fdcf09d,2017-06-21 07:53:57,review,2017-06-22 01:18:49,1,"review, planning, editing, sourcing, writing"
83,594a5e5566cb69006fdcf09d,2017-06-21 07:53:57,review,2017-06-22 00:33:22,2,"review, editing, sourcing, writing"
84,594a5e5566cb69006fdcf09d,2017-06-21 07:53:57,review,2017-06-22 00:31:32,1,"review, editing, sourcing, writing"
85,594a5e5566cb69006fdcf09d,2017-06-21 07:53:57,review,2017-06-22 00:31:38,1,"review, editing, sourcing, writing"
86,594a8f5664251c002831f4c5,2017-06-21 11:23:02,source review,2017-06-21 22:05:17,1,"review, planning, editing, sourcing, writing"
87,594a8f5664251c002831f4c5,2017-06-21 11:23:02,source review,2017-06-21 22:05:21,1,"review, planning, editing, sourcing, writing"
88,594a8f5664251c002831f4c5,2017-06-21 11:23:02,review,2017-06-22 03:01:35,1,"review, planning, editing, sourcing, writing"
89,594a8f5664251c002831f4c5,2017-06-21 11:23:02,writing,2017-06-21 22:10:33,4,writing
90,594a8f5664251c002831f4c5,2017-06-21 11:23:02,editing,2017-06-22 04:26:02,1,editing
91,594a8f5664251c002831f4c5,2017-06-21 11:23:02,editing,2017-06-22 04:26:01,1,editing
92,594a8f5664251c002831f4c5,2017-06-21 11:23:02,editing,2017-06-22 04:26:00,1,editing
93,594a8f5664251c002831f4c5,2017-06-21 11:23:02,review,2017-06-22 03:01:40,1,"review, planning, editing, sourcing, writing"
94,594a8f5664251c002831f4c5,2017-06-21 11:23:02,writing,2017-06-21 22:10:29,4,writing
95,594a8f5664251c002831f4c5,2017-06-21 11:23:02,editing,2017-06-22 04:25:56,1,editing
96,594a8fd422b3c50028e71976,2017-06-21 11:25:08,writing,2017-06-22 06:13:40,1,"sourcing, writing"
97,594a8fd422b3c50028e71976,2017-06-21 11:25:08,writing,2017-06-21 22:35:25,1,"sourcing, writing"
98,594a8fd422b3c50028e71976,2017-06-21 11:25:08,writing,2017-06-22 07:23:45,1,writing
99,594a8fd422b3c50028e71976,2017-06-21 11:25:08,review,2017-06-22 09:01:12,1,review
100,594a8fd422b3c50028e71976,2017-06-21 11:25:08,review,2017-06-22 09:05:15,1,review
101,594a8fd422b3c50028e71976,2017-06-21 11:25:08,review,2017-06-22 09:05:23,1,review
102,594a8fd422b3c50028e71976,2017-06-21 11:25:08,review,2017-06-22 09:05:24,1,review
103,594a8fd422b3c50028e71976,2017-06-21 11:25:08,writing,2017-06-22 06:13:34,1,"sourcing, writing"
104,594a8fd422b3c50028e71976,2017-06-21 11:25:08,review,2017-06-22 09:01:10,1,review
105,594a8fd422b3c50028e71976,2017-06-21 11:25:08,writing,2017-06-22 06:05:44,1,"planning, editing, sourcing, writing"
106,594a8fd422b3c50028e71976,2017-06-21 11:25:08,writing,2017-06-22 07:23:41,1,writing
107,594a8fd422b3c50028e71976,2017-06-21 11:25:08,writing,2017-06-22 05:42:42,1,"vetting, editing, sourcing, writing"
108,594a8fd422b3c50028e71976,2017-06-21 11:25:08,writing,2017-06-22 05:43:14,1,"vetting, editing"
109,594a8fd422b3c50028e71976,2017-06-21 11:25:08,writing,2017-06-21 22:36:33,1,"sourcing, writing"
110,594a8fd422b3c50028e71976,2017-06-21 11:25:08,writing,2017-06-22 05:42:07,1,"vetting, editing, sourcing, writing"
111,594a8fd422b3c50028e71976,2017-06-21 11:25:08,writing,2017-06-22 05:39:53,1,writing
112,594a8fd422b3c50028e71976,2017-06-21 11:25:08,writing,2017-06-22 05:39:53,1,writing
113,594a8fd422b3c50028e71976,2017-06-21 11:25:08,writing,2017-06-22 05:42:42,1,"vetting, editing, sourcing, writing"
114,594a8fd422b3c50028e71976,2017-06-21 11:25:08,source review,2017-06-21 22:06:59,1,"review, planning"
115,594a8fd422b3c50028e71976,2017-06-21 11:25:08,writing,2017-06-21 22:36:43,1,"sourcing, writing"
116,594a8fd422b3c50028e71976,2017-06-21 11:25:08,source review,2017-06-21 22:07:01,1,"review, planning"
117,594a8fd422b3c50028e71976,2017-06-21 11:25:08,writing,2017-06-21 22:35:23,1,"sourcing, writing"
118,594a8fd422b3c50028e71976,2017-06-21 11:25:08,writing,2017-06-22 05:39:18,1,writing
119,594a9ce6c864e200288e766b,2017-06-21 12:20:54,source review,2017-06-22 01:22:10,1,"review, planning, editing, sourcing, writing"
120,594a9ce6c864e200288e766b,2017-06-21 12:20:54,source review,2017-06-22 01:22:14,1,"review, planning, editing, sourcing, writing"
121,594a9ce6c864e200288e766b,2017-06-21 12:20:54,writing,2017-06-22 09:50:13,1,writing
122,594a9ce6c864e200288e766b,2017-06-21 12:20:54,source review,2017-06-22 09:25:49,1,"review, editing"
123,594a9ce6c864e200288e766b,2017-06-21 12:20:54,source review,2017-06-22 09:25:42,1,"review, editing"
124,594a9ce6c864e200288e766b,2017-06-21 12:20:54,source review,2017-06-22 09:24:32,12,review
125,594a9ce6c864e200288e766b,2017-06-21 12:20:54,source review,2017-06-22 09:23:56,12,review
126,594a9ce6c864e200288e766b,2017-06-21 12:20:54,source review,2017-06-22 09:23:56,12,review
127,594a9ce6c864e200288e766b,2017-06-21 12:20:54,source review,2017-06-22 09:23:21,11,review
128,594a9ce6c864e200288e766b,2017-06-21 12:20:54,writing,2017-06-22 09:50:15,1,writing
129,594a9ce6c864e200288e766b,2017-06-21 12:20:54,sourcing,2017-06-22 01:40:09,1,sourcing
130,594a9ce6c864e200288e766b,2017-06-21 12:20:54,sourcing,2017-06-22 08:03:26,1,sourcing
131,594a9ce6c864e200288e766b,2017-06-21 12:20:54,sourcing,2017-06-22 01:50:20,1,sourcing
132,594a9ce6c864e200288e766b,2017-06-21 12:20:54,sourcing,2017-06-22 01:40:05,1,sourcing
133,594a9ce6c864e200288e766b,2017-06-21 12:20:54,sourcing,2017-06-22 06:20:08,1,sourcing
134,594a9ce6c864e200288e766b,2017-06-21 12:20:54,sourcing,2017-06-22 06:20:10,1,sourcing
135,594a9ce6c864e200288e766b,2017-06-21 12:20:54,sourcing,2017-06-22 02:03:40,1,sourcing
136,594a9ce6c864e200288e766b,2017-06-21 12:20:54,sourcing,2017-06-22 02:03:43,1,sourcing
137,594a9ce6c864e200288e766b,2017-06-21 12:20:54,sourcing,2017-06-22 07:59:53,6,sourcing
138,594a9ce6c864e200288e766b,2017-06-21 12:20:54,sourcing,2017-06-22 08:00:28,7,sourcing
139,594a9ce6c864e200288e766b,2017-06-21 12:20:54,sourcing,2017-06-22 08:00:28,7,sourcing
140,594a9ce6c864e200288e766b,2017-06-21 12:20:54,sourcing,2017-06-22 08:01:03,7,sourcing
141,594a9ce6c864e200288e766b,2017-06-21 12:20:54,sourcing,2017-06-22 08:01:03,1,sourcing
142,594a9ce6c864e200288e766b,2017-06-21 12:20:54,sourcing,2017-06-22 08:01:20,1,sourcing
143,594a9ce6c864e200288e766b,2017-06-21 12:20:54,sourcing,2017-06-22 08:01:22,1,sourcing
144,594a9ce6c864e200288e766b,2017-06-21 12:20:54,sourcing,2017-06-22 08:01:25,1,sourcing
145,594a9ce6c864e200288e766b,2017-06-21 12:20:54,sourcing,2017-06-22 08:03:23,1,sourcing
146,594a9ce6c864e200288e766b,2017-06-21 12:20:54,source review,2017-06-22 06:03:29,1,"review, vetting, editing, sourcing, writing"
147,594a9ce6c864e200288e766b,2017-06-21 12:20:54,sourcing,2017-06-22 01:50:22,1,sourcing
148,594a9ce6c864e200288e766b,2017-06-21 12:20:54,source review,2017-06-22 06:03:24,1,"review, vetting, editing, sourcing, writing"
149,594aa36664251c002831f51e,2017-06-21 12:48:38,review,2017-06-22 05:39:55,1,review
150,594aa36664251c002831f51e,2017-06-21 12:48:38,review,2017-06-22 05:39:53,1,review
151,594ab554c864e200288e76ef,2017-06-21 14:05:08,writing,2017-06-21 23:11:54,1,"sourcing, writing"
152,594ab554c864e200288e76ef,2017-06-21 14:05:08,writing,2017-06-21 23:05:29,2,"sourcing, writing"
153,594ab554c864e200288e76ef,2017-06-21 14:05:08,writing,2017-06-21 23:06:39,1,"sourcing, writing"
154,594ab554c864e200288e76ef,2017-06-21 14:05:08,writing,2017-06-21 23:06:55,1,"sourcing, writing"
155,594ab554c864e200288e76ef,2017-06-21 14:05:08,writing,2017-06-21 21:07:02,1,"editing, sourcing, writing"
156,594ab554c864e200288e76ef,2017-06-21 14:05:08,writing,2017-06-22 01:43:24,1,writing
157,594ab554c864e200288e76ef,2017-06-21 14:05:08,writing,2017-06-22 01:43:21,1,writing
158,594ab554c864e200288e76ef,2017-06-21 14:05:08,writing,2017-06-21 21:08:11,1,writing
159,594ab554c864e200288e76ef,2017-06-21 14:05:08,writing,2017-06-21 21:08:46,1,writing
160,594ab554c864e200288e76ef,2017-06-21 14:05:08,writing,2017-06-21 21:08:46,1,writing
161,594ab554c864e200288e76ef,2017-06-21 14:05:08,writing,2017-06-21 21:09:21,2,writing
162,594ab554c864e200288e76ef,2017-06-21 14:05:08,writing,2017-06-21 21:11:41,1,writing
163,594ab554c864e200288e76ef,2017-06-21 14:05:08,review,2017-06-22 01:29:55,1,"review, planning, editing, sourcing, writing"
164,594ab554c864e200288e76ef,2017-06-21 14:05:08,writing,2017-06-21 21:12:16,2,writing
165,594ab554c864e200288e76ef,2017-06-21 14:05:08,review,2017-06-22 01:29:45,1,"review, planning, editing, sourcing, writing"
166,594ab554c864e200288e76ef,2017-06-21 14:05:08,writing,2017-06-21 21:33:20,1,"sourcing, writing"
167,594ab554c864e200288e76ef,2017-06-21 14:05:08,writing,2017-06-21 21:12:16,2,writing
168,594ab554c864e200288e76ef,2017-06-21 14:05:08,writing,2017-06-21 21:12:51,2,writing
169,594ab554c864e200288e76ef,2017-06-21 14:05:08,writing,2017-06-21 21:33:17,1,"sourcing, writing"
170,594ab554c864e200288e76ef,2017-06-21 14:05:08,writing,2017-06-21 21:33:17,2,"sourcing, writing"
171,594ab554c864e200288e76ef,2017-06-21 14:05:08,writing,2017-06-21 21:32:42,1,"sourcing, writing"
172,594ab554c864e200288e76ef,2017-06-21 14:05:08,writing,2017-06-21 23:04:54,1,"sourcing, writing"
173,594ab554c864e200288e76ef,2017-06-21 14:05:08,writing,2017-06-21 23:04:54,1,"sourcing, writing"
174,594ab554c864e200288e76ef,2017-06-21 14:05:08,writing,2017-06-22 02:10:14,1,"sourcing, writing"
175,594ab554c864e200288e76ef,2017-06-21 14:05:08,writing,2017-06-21 21:07:01,1,"editing, sourcing, writing"
176,594ab554c864e200288e76ef,2017-06-21 14:05:08,writing,2017-06-21 23:04:19,1,"sourcing, writing"
177,594ab554c864e200288e76ef,2017-06-21 14:05:08,writing,2017-06-21 23:12:02,1,"sourcing, writing"
178,594ab554c864e200288e76ef,2017-06-21 14:05:08,review,2017-06-22 05:33:55,27,review
179,594ab554c864e200288e76ef,2017-06-21 14:05:08,review,2017-06-22 05:33:48,27,review
180,594ab554c864e200288e76ef,2017-06-21 14:05:08,writing,2017-06-22 03:37:11,1,"sourcing, writing"
181,594ab554c864e200288e76ef,2017-06-21 14:05:08,writing,2017-06-22 03:37:07,1,"sourcing, writing"
182,594ab554c864e200288e76ef,2017-06-21 14:05:08,source review,2017-06-21 20:52:31,1,review
183,594ab554c864e200288e76ef,2017-06-21 14:05:08,writing,2017-06-21 21:21:39,1,"sourcing, writing"
184,594ab554c864e200288e76ef,2017-06-21 14:05:08,source review,2017-06-21 20:52:37,1,review
185,594ab554c864e200288e76ef,2017-06-21 14:05:08,writing,2017-06-21 21:00:41,46,writing
186,594ab554c864e200288e76ef,2017-06-21 14:05:08,writing,2017-06-22 02:44:04,1,writing
187,594ab554c864e200288e76ef,2017-06-21 14:05:08,writing,2017-06-22 02:27:28,1,writing
188,594ab554c864e200288e76ef,2017-06-21 14:05:08,writing,2017-06-21 21:01:16,46,writing
189,594ab554c864e200288e76ef,2017-06-21 14:05:08,writing,2017-06-21 21:01:16,46,writing
190,594ab554c864e200288e76ef,2017-06-21 14:05:08,writing,2017-06-21 21:01:48,47,writing
191,594ab554c864e200288e76ef,2017-06-21 14:05:08,writing,2017-06-22 02:27:27,1,writing
192,594ab554c864e200288e76ef,2017-06-21 14:05:08,writing,2017-06-22 02:44:14,1,writing
193,594ab554c864e200288e76ef,2017-06-21 14:05:08,writing,2017-06-21 21:21:36,1,"sourcing, writing"
194,594ada897a05b40035f08be4,2017-06-21 16:43:53,review,2017-06-22 02:49:55,1,"review, planning, editing, sourcing, writing"
195,594ada897a05b40035f08be4,2017-06-21 16:43:53,review,2017-06-22 02:49:58,1,"review, planning, editing, sourcing, writing"
196,594ada897a05b40035f08be4,2017-06-21 16:43:53,editing,2017-06-22 03:42:22,1,editing
197,594ada897a05b40035f08be4,2017-06-21 16:43:53,editing,2017-06-22 03:42:26,1,editing
198,594ae6944f06e20035d92325,2017-06-21 17:35:16,review,2017-06-21 22:03:04,1,"review, planning, editing, sourcing, writing"
199,594ae6944f06e20035d92325,2017-06-21 17:35:16,review,2017-06-21 22:03:02,1,"review, planning, editing, sourcing, writing"
200,594ae6944f06e20035d92325,2017-06-21 17:35:16,source review,2017-06-21 21:00:50,1,review
201,594ae6944f06e20035d92325,2017-06-21 17:35:16,sourcing,2017-06-21 21:13:26,2,"editing, sourcing, writing"
202,594ae6944f06e20035d92325,2017-06-21 17:35:16,source review,2017-06-21 21:00:41,1,review
203,594ae6944f06e20035d92325,2017-06-21 17:35:16,sourcing,2017-06-21 21:13:28,2,"editing, sourcing, writing"
204,594ae6994f06e20035d92335,2017-06-21 17:35:21,review,2017-06-21 23:07:49,2,review
205,594ae6994f06e20035d92335,2017-06-21 17:35:21,review,2017-06-21 23:11:54,1,"review, planning"
206,594ae6994f06e20035d92335,2017-06-21 17:35:21,review,2017-06-21 23:13:01,2,"review, planning"
207,594ae6994f06e20035d92335,2017-06-21 17:35:21,review,2017-06-21 23:08:24,2,review
208,594ae6994f06e20035d92335,2017-06-21 17:35:21,review,2017-06-22 01:36:15,1,"review, planning, editing, sourcing, writing"
209,594ae6994f06e20035d92335,2017-06-21 17:35:21,review,2017-06-21 23:12:29,2,"review, planning"
210,594ae6994f06e20035d92335,2017-06-21 17:35:21,review,2017-06-22 01:36:17,1,"review, planning, editing, sourcing, writing"
211,594ae6994f06e20035d92335,2017-06-21 17:35:21,review,2017-06-21 23:07:49,2,review
212,594ae6994f06e20035d92335,2017-06-21 17:35:21,review,2017-06-21 23:07:14,1,review
213,594ae6994f06e20035d92335,2017-06-21 17:35:21,review,2017-06-21 23:12:29,2,"review, planning"
214,594ae6fa4f06e20035d9233d,2017-06-21 17:36:58,review,2017-06-21 21:51:41,1,"review, planning, editing, sourcing, writing"
215,594ae6fa4f06e20035d9233d,2017-06-21 17:36:58,review,2017-06-21 21:51:40,1,"review, planning, editing, sourcing, writing"
216,594ae6fb4f06e20035d92345,2017-06-21 17:36:59,review,2017-06-22 06:18:00,1,review
217,594ae6fb4f06e20035d92345,2017-06-21 17:36:59,review,2017-06-22 06:17:54,1,review
218,594ae6fb4f06e20035d92345,2017-06-21 17:36:59,writing,2017-06-22 03:50:33,1,writing
219,594ae6fb4f06e20035d92345,2017-06-21 17:36:59,writing,2017-06-22 03:50:39,2,writing
220,594ae6fb4f06e20035d92345,2017-06-21 17:36:59,writing,2017-06-22 03:49:58,1,writing
221,594ae6fb4f06e20035d92345,2017-06-21 17:36:59,writing,2017-06-21 23:37:09,1,"editing, sourcing, writing"
222,594ae6fb4f06e20035d92345,2017-06-21 17:36:59,writing,2017-06-22 03:50:33,1,writing
223,594ae6fb4f06e20035d92345,2017-06-21 17:36:59,review,2017-06-22 06:47:33,1,review
224,594ae6fb4f06e20035d92345,2017-06-21 17:36:59,writing,2017-06-22 00:13:25,1,"sourcing, writing"
225,594ae6fb4f06e20035d92345,2017-06-21 17:36:59,writing,2017-06-22 00:14:00,2,"sourcing, writing"
226,594ae6fb4f06e20035d92345,2017-06-21 17:36:59,writing,2017-06-22 00:14:00,2,"sourcing, writing"
227,594ae6fb4f06e20035d92345,2017-06-21 17:36:59,writing,2017-06-22 01:01:53,1,writing
228,594ae6fb4f06e20035d92345,2017-06-21 17:36:59,writing,2017-06-22 01:01:56,1,writing
229,594ae6fb4f06e20035d92345,2017-06-21 17:36:59,writing,2017-06-21 23:19:14,1,writing
230,594ae6fb4f06e20035d92345,2017-06-21 17:36:59,writing,2017-06-21 21:24:31,1,writing
231,594ae6fb4f06e20035d92345,2017-06-21 17:36:59,source review,2017-06-21 21:14:03,1,review
232,594ae6fb4f06e20035d92345,2017-06-21 17:36:59,writing,2017-06-21 21:24:44,1,writing
233,594ae6fb4f06e20035d92345,2017-06-21 17:36:59,source review,2017-06-21 21:14:01,1,review
234,594ae6fb4f06e20035d92345,2017-06-21 17:36:59,review,2017-06-22 06:47:37,1,review
235,594ae6fb4f06e20035d92345,2017-06-21 17:36:59,writing,2017-06-21 21:24:38,1,writing
236,594aead5ef88150028311172,2017-06-21 17:53:25,writing,2017-06-22 12:54:05,1,sourcing
237,594aead5ef88150028311172,2017-06-21 17:53:25,sourcing,2017-06-21 21:54:04,16,"sourcing, writing"
238,594aead5ef88150028311172,2017-06-21 17:53:25,writing,2017-06-22 13:05:52,1,writing
239,594aead5ef88150028311172,2017-06-21 17:53:25,writing,2017-06-22 13:05:46,1,writing
240,594aead5ef88150028311172,2017-06-21 17:53:25,sourcing,2017-06-21 21:54:00,16,"sourcing, writing"
241,594aead5ef88150028311172,2017-06-21 17:53:25,writing,2017-06-22 12:53:30,1,"sourcing, writing"
242,594aead5ef88150028311172,2017-06-21 17:53:25,writing,2017-06-22 10:59:40,25,writing
243,594aead5ef88150028311172,2017-06-21 17:53:25,writing,2017-06-22 10:27:28,1,writing
244,594aead5ef88150028311172,2017-06-21 17:53:25,review,2017-06-22 17:19:35,1,"review, planning, editing, sourcing, writing"
245,594aead5ef88150028311172,2017-06-21 17:53:25,writing,2017-06-22 07:36:32,1,"review, vetting, editing, sourcing, writing"
246,594aead5ef88150028311172,2017-06-21 17:53:25,source review,2017-06-22 04:36:51,1,review
247,594aead5ef88150028311172,2017-06-21 17:53:25,writing,2017-06-22 07:36:35,1,"review, vetting, editing, sourcing, writing"
248,594aead5ef88150028311172,2017-06-21 17:53:25,source review,2017-06-22 04:36:48,1,review
249,594aead5ef88150028311172,2017-06-21 17:53:25,writing,2017-06-22 10:27:41,2,writing
250,594aead5ef88150028311172,2017-06-21 17:53:25,writing,2017-06-22 10:23:33,1,"sourcing, writing"
251,594aead5ef88150028311172,2017-06-21 17:53:25,review,2017-06-22 17:19:16,1,"review, planning, editing, sourcing, writing"
252,594aead5ef88150028311172,2017-06-21 17:53:25,writing,2017-06-22 10:23:31,1,"sourcing, writing"
253,594aead5ef88150028311172,2017-06-21 17:53:25,sourcing,2017-06-21 22:38:50,2,sourcing
254,594aead5ef88150028311172,2017-06-21 17:53:25,sourcing,2017-06-21 22:38:56,2,sourcing
255,594aead5ef88150028311172,2017-06-21 17:53:25,writing,2017-06-22 10:59:35,25,writing
256,594aec513f82d10028f03b9a,2017-06-21 17:59:45,review,2017-06-22 02:35:56,1,"review, planning, editing, sourcing, writing"
257,594aec513f82d10028f03b9a,2017-06-21 17:59:45,review,2017-06-22 02:35:54,1,"review, planning, editing, sourcing, writing"
258,594af29d3f82d10028f03bb2,2017-06-21 18:26:37,sourcing,2017-06-21 20:54:51,2,"editing, sourcing, writing"
259,594af29d3f82d10028f03bb2,2017-06-21 18:26:37,writing,2017-06-22 05:20:22,1,"sourcing, writing"
260,594af29d3f82d10028f03bb2,2017-06-21 18:26:37,source review,2017-06-22 02:52:15,1,review
261,594af29d3f82d10028f03bb2,2017-06-21 18:26:37,writing,2017-06-22 04:02:18,1,writing
262,594af29d3f82d10028f03bb2,2017-06-21 18:26:37,sourcing,2017-06-21 21:07:01,5,sourcing
263,594af29d3f82d10028f03bb2,2017-06-21 18:26:37,writing,2017-06-22 04:02:13,1,writing
264,594af29d3f82d10028f03bb2,2017-06-21 18:26:37,writing,2017-06-22 05:26:48,1,"review, vetting, editing, sourcing, writing"
265,594af29d3f82d10028f03bb2,2017-06-21 18:26:37,writing,2017-06-22 05:27:20,1,"review, vetting, editing, sourcing, writing"
266,594af29d3f82d10028f03bb2,2017-06-21 18:26:37,sourcing,2017-06-21 20:54:53,2,"editing, sourcing, writing"
267,594af29d3f82d10028f03bb2,2017-06-21 18:26:37,source review,2017-06-22 02:52:17,1,review
268,594af29d3f82d10028f03bb2,2017-06-21 18:26:37,review,2017-06-22 05:39:53,1,"review, vetting, editing, sourcing, writing"
269,594af29d3f82d10028f03bb2,2017-06-21 18:26:37,sourcing,2017-06-21 22:10:32,1,sourcing
270,594af29d3f82d10028f03bb2,2017-06-21 18:26:37,sourcing,2017-06-21 21:07:05,5,sourcing
271,594af29d3f82d10028f03bb2,2017-06-21 18:26:37,review,2017-06-22 05:52:04,1,review
272,594af29d3f82d10028f03bb2,2017-06-21 18:26:37,review,2017-06-22 05:40:37,1,"review, vetting, editing, sourcing, writing"
273,594af29d3f82d10028f03bb2,2017-06-21 18:26:37,review,2017-06-22 05:40:28,1,"review, vetting, editing, sourcing, writing"
274,594af29d3f82d10028f03bb2,2017-06-21 18:26:37,sourcing,2017-06-21 22:10:29,1,sourcing
275,594af29d3f82d10028f03bb2,2017-06-21 18:26:37,review,2017-06-22 05:40:28,1,"review, vetting, editing, sourcing, writing"
276,594af29d3f82d10028f03bb2,2017-06-21 18:26:37,review,2017-06-22 05:52:15,1,review
277,594af3c6f3b9f600287eabe0,2017-06-21 18:31:34,source review,2017-06-21 22:10:32,1,"review, planning, editing, sourcing, writing"
278,594af3c6f3b9f600287eabe0,2017-06-21 18:31:34,writing,2017-06-21 22:37:11,1,"sourcing, writing"
279,594af3c6f3b9f600287eabe0,2017-06-21 18:31:34,writing,2017-06-21 22:37:08,1,"sourcing, writing"
280,594af3c6f3b9f600287eabe0,2017-06-21 18:31:34,source review,2017-06-21 22:10:29,1,"review, planning, editing, sourcing, writing"
281,594af3c6f3b9f600287eabe0,2017-06-21 18:31:34,review,2017-06-22 04:40:03,1,review
282,594af3c6f3b9f600287eabe0,2017-06-21 18:31:34,review,2017-06-22 04:40:07,1,review
283,594b00e23f82d10028f03be2,2017-06-21 19:27:30,review,2017-06-22 04:45:27,1,review
284,594b00e23f82d10028f03be2,2017-06-21 19:27:30,sourcing,2017-06-21 23:30:06,1,sourcing
285,594b00e23f82d10028f03be2,2017-06-21 19:27:30,review,2017-06-22 04:51:36,1,review
286,594b00e23f82d10028f03be2,2017-06-21 19:27:30,review,2017-06-22 04:51:34,1,review
287,594b00e23f82d10028f03be2,2017-06-21 19:27:30,vetting,2017-06-21 20:22:46,1,vetting
288,594b00e23f82d10028f03be2,2017-06-21 19:27:30,sourcing,2017-06-21 23:30:04,1,sourcing
289,594b00e23f82d10028f03be2,2017-06-21 19:27:30,review,2017-06-22 04:45:29,1,review
290,594b00e23f82d10028f03be2,2017-06-21 19:27:30,vetting,2017-06-21 20:22:44,1,vetting
291,594b0303f3b9f600287eac2b,2017-06-21 19:36:35,source review,2017-06-22 05:02:50,1,review
292,594b0303f3b9f600287eac2b,2017-06-21 19:36:35,vetting,2017-06-21 20:29:09,1,vetting
293,594b0303f3b9f600287eac2b,2017-06-21 19:36:35,sourcing,2017-06-22 05:34:23,1,sourcing
294,594b0303f3b9f600287eac2b,2017-06-21 19:36:35,sourcing,2017-06-22 05:34:41,1,sourcing
295,594b0303f3b9f600287eac2b,2017-06-21 19:36:35,writing,2017-06-22 07:41:47,1,"sourcing, writing"
296,594b0303f3b9f600287eac2b,2017-06-21 19:36:35,writing,2017-06-22 07:41:50,1,"sourcing, writing"
297,594b0303f3b9f600287eac2b,2017-06-21 19:36:35,review,2017-06-22 04:52:09,1,review
298,594b0303f3b9f600287eac2b,2017-06-21 19:36:35,writing,2017-06-22 07:58:08,1,"review, vetting, editing, sourcing, writing"
299,594b0303f3b9f600287eac2b,2017-06-21 19:36:35,writing,2017-06-22 07:58:17,1,"review, vetting, editing, sourcing, writing"
300,594b0303f3b9f600287eac2b,2017-06-21 19:36:35,planning,2017-06-22 05:05:48,1,"planning, editing, sourcing, writing"
301,594b0303f3b9f600287eac2b,2017-06-21 19:36:35,writing,2017-06-22 08:06:19,1,writing
302,594b0303f3b9f600287eac2b,2017-06-21 19:36:35,planning,2017-06-22 05:05:46,1,"planning, editing, sourcing, writing"
303,594b0303f3b9f600287eac2b,2017-06-21 19:36:35,source review,2017-06-22 05:02:53,1,review
304,594b0303f3b9f600287eac2b,2017-06-21 19:36:35,review,2017-06-22 04:52:12,1,review
305,594b0303f3b9f600287eac2b,2017-06-21 19:36:35,writing,2017-06-22 08:06:22,1,writing
306,594b0303f3b9f600287eac2b,2017-06-21 19:36:35,source review,2017-06-22 07:27:48,1,"review, vetting, editing, sourcing, writing"
307,594b0303f3b9f600287eac2b,2017-06-21 19:36:35,vetting,2017-06-21 20:29:13,1,vetting
308,594b0303f3b9f600287eac2b,2017-06-21 19:36:35,source review,2017-06-22 07:27:46,1,"review, vetting, editing, sourcing, writing"
309,594b0303f3b9f600287eac2b,2017-06-21 19:36:35,sourcing,2017-06-22 00:10:08,2,sourcing
310,594b0303f3b9f600287eac2b,2017-06-21 19:36:35,sourcing,2017-06-22 00:10:01,2,sourcing
311,594b06bf6cdeef002881af7b,2017-06-21 19:52:31,sourcing,2017-06-21 20:21:03,1,"editing, sourcing, writing"
312,594b06bf6cdeef002881af7b,2017-06-21 19:52:31,sourcing,2017-06-21 20:37:20,1,sourcing
313,594b06bf6cdeef002881af7b,2017-06-21 19:52:31,sourcing,2017-06-21 20:37:55,2,sourcing
314,594b06bf6cdeef002881af7b,2017-06-21 19:52:31,sourcing,2017-06-21 20:37:55,2,sourcing
315,594b06bf6cdeef002881af7b,2017-06-21 19:52:31,sourcing,2017-06-21 20:38:30,3,sourcing
316,594b06bf6cdeef002881af7b,2017-06-21 19:52:31,sourcing,2017-06-21 20:20:57,1,"editing, sourcing, writing"
317,594b06c06cdeef002881af83,2017-06-21 19:52:32,review,2017-06-22 01:51:30,1,"review, planning, editing, sourcing, writing"
318,594b06c06cdeef002881af83,2017-06-21 19:52:32,writing,2017-06-21 23:04:19,1,writing
319,594b06c06cdeef002881af83,2017-06-21 19:52:32,writing,2017-06-21 23:04:25,1,writing
320,594b06c06cdeef002881af83,2017-06-21 19:52:32,sourcing,2017-06-21 21:18:06,5,sourcing
321,594b06c06cdeef002881af83,2017-06-21 19:52:32,source review,2017-06-21 22:40:29,1,review
322,594b06c06cdeef002881af83,2017-06-21 19:52:32,sourcing,2017-06-21 21:20:09,3,sourcing
323,594b06c06cdeef002881af83,2017-06-21 19:52:32,sourcing,2017-06-21 21:19:51,2,sourcing
324,594b06c06cdeef002881af83,2017-06-21 19:52:32,sourcing,2017-06-21 21:19:16,3,sourcing
325,594b06c06cdeef002881af83,2017-06-21 19:52:32,sourcing,2017-06-21 21:19:16,6,sourcing
326,594b06c06cdeef002881af83,2017-06-21 19:52:32,source review,2017-06-21 22:40:37,1,review
327,594b06c06cdeef002881af83,2017-06-21 19:52:32,review,2017-06-22 01:51:34,1,"review, planning, editing, sourcing, writing"
328,594b06c06cdeef002881af83,2017-06-21 19:52:32,sourcing,2017-06-21 21:18:41,6,sourcing
329,594b06c06cdeef002881af83,2017-06-21 19:52:32,editing,2017-06-22 01:59:05,3,editing
330,594b06c06cdeef002881af83,2017-06-21 19:52:32,editing,2017-06-22 01:59:06,3,editing
331,594b06c06cdeef002881af83,2017-06-21 19:52:32,editing,2017-06-22 02:11:24,1,"editing, sourcing, writing"
332,594b06c06cdeef002881af83,2017-06-21 19:52:32,sourcing,2017-06-21 21:18:41,6,sourcing
333,594b06c06cdeef002881af83,2017-06-21 19:52:32,editing,2017-06-22 01:59:14,4,editing
334,594b06c06cdeef002881af83,2017-06-21 19:52:32,editing,2017-06-22 02:11:30,1,"editing, sourcing, writing"
335,594b06c06cdeef002881af83,2017-06-21 19:52:32,editing,2017-06-22 02:11:29,1,"editing, sourcing, writing"
336,594b06c06cdeef002881af83,2017-06-21 19:52:32,editing,2017-06-22 01:58:30,3,editing
337,594b1abfa6992500289d6040,2017-06-21 21:17:51,sourcing,2017-06-22 01:20:31,73,sourcing
338,594b1abfa6992500289d6040,2017-06-21 21:17:51,sourcing,2017-06-22 01:19:59,72,sourcing
339,594b1abfa6992500289d6040,2017-06-21 21:17:51,sourcing,2017-06-22 01:19:59,72,sourcing
340,594b1abfa6992500289d6040,2017-06-21 21:17:51,sourcing,2017-06-22 01:19:24,72,sourcing
341,594b1abfa6992500289d6040,2017-06-21 21:17:51,vetting,2017-06-22 01:17:39,1,"vetting, editing, sourcing"
342,594b1abfa6992500289d6040,2017-06-21 21:17:51,vetting,2017-06-22 01:17:52,1,"vetting, editing, sourcing"
343,594b1abfa6992500289d6040,2017-06-21 21:17:51,source review,2017-06-22 05:01:20,1,"review, vetting, planning, sourcing"
344,594b1abfa6992500289d6040,2017-06-21 21:17:51,source review,2017-06-22 05:01:14,1,"review, vetting, planning, sourcing"
345,594b1abfa6992500289d6040,2017-06-21 21:17:51,source review,2017-06-22 05:01:11,1,"review, vetting, planning, sourcing"
346,594b1abfa6992500289d6040,2017-06-21 21:17:51,vetting,2017-06-22 01:17:55,1,"vetting, editing, sourcing"
347,594b1abfa6992500289d6040,2017-06-21 21:17:51,sourcing,2017-06-22 01:26:30,1,sourcing
348,594b1abfa6992500289d6040,2017-06-21 21:17:51,sourcing,2017-06-22 01:26:33,1,sourcing
349,594b1abfa6992500289d6040,2017-06-21 21:17:51,writing,2017-06-22 07:58:48,1,writing
350,594b1abfa6992500289d6040,2017-06-21 21:17:51,review,2017-06-22 12:00:23,7,"review, vetting"
351,594b1abfa6992500289d6040,2017-06-21 21:17:51,review,2017-06-22 12:00:28,7,"review, vetting"
352,594b1abfa6992500289d6040,2017-06-21 21:17:51,writing,2017-06-22 08:11:34,1,writing
353,594b1abfa6992500289d6040,2017-06-21 21:17:51,writing,2017-06-22 08:11:39,1,writing
354,594b1abfa6992500289d6040,2017-06-21 21:17:51,writing,2017-06-22 07:58:43,1,writing
355,594b20ea3f82d10028f03c54,2017-06-21 21:44:10,sourcing,2017-06-21 22:48:42,1,sourcing
356,594b20ea3f82d10028f03c54,2017-06-21 21:44:10,sourcing,2017-06-21 22:49:17,1,sourcing
357,594b20ea3f82d10028f03c54,2017-06-21 21:44:10,sourcing,2017-06-21 22:49:17,1,sourcing
358,594b20ea3f82d10028f03c54,2017-06-21 21:44:10,sourcing,2017-06-21 22:49:33,2,sourcing
359,594b20ea3f82d10028f03c54,2017-06-21 21:44:10,sourcing,2017-06-22 00:00:27,1,"editing, sourcing"
360,594b20ea3f82d10028f03c54,2017-06-21 21:44:10,sourcing,2017-06-21 22:49:34,2,sourcing
361,594b20ea3f82d10028f03c54,2017-06-21 21:44:10,sourcing,2017-06-22 00:00:13,1,"editing, sourcing"
362,594b20ea3f82d10028f03c54,2017-06-21 21:44:10,sourcing,2017-06-21 23:01:59,1,sourcing
363,594b20ea3f82d10028f03c54,2017-06-21 21:44:10,sourcing,2017-06-21 23:02:02,1,sourcing
364,594b20ea3f82d10028f03c54,2017-06-21 21:44:10,review,2017-06-22 04:10:03,1,"review, vetting"
365,594b20ea3f82d10028f03c54,2017-06-21 21:44:10,review,2017-06-22 04:10:06,1,"review, vetting"
366,594b20ea3f82d10028f03c54,2017-06-21 21:44:10,planning,2017-06-21 22:34:48,1,"review, planning"
367,594b20ea3f82d10028f03c54,2017-06-21 21:44:10,planning,2017-06-21 21:56:43,1,planning
368,594b20ea3f82d10028f03c54,2017-06-21 21:44:10,planning,2017-06-21 21:56:48,1,planning
369,594b20ea3f82d10028f03c54,2017-06-21 21:44:10,planning,2017-06-21 22:13:56,1,"review, planning, editing, sourcing, writing"
370,594b20ea3f82d10028f03c54,2017-06-21 21:44:10,planning,2017-06-21 22:13:58,1,"review, planning, editing, sourcing, writing"
371,594b20ea3f82d10028f03c54,2017-06-21 21:44:10,planning,2017-06-21 22:36:33,1,"review, planning"
372,594b20ea3f82d10028f03c54,2017-06-21 21:44:10,planning,2017-06-21 21:45:49,7,planning
373,594b20ea3f82d10028f03c54,2017-06-21 21:44:10,planning,2017-06-21 22:05:52,1,planning
374,594b20ea3f82d10028f03c54,2017-06-21 21:44:10,planning,2017-06-21 21:45:14,6,planning
375,594b20ea3f82d10028f03c54,2017-06-21 21:44:10,planning,2017-06-21 22:05:59,1,planning
376,594b20ea3f82d10028f03c54,2017-06-21 21:44:10,planning,2017-06-21 21:44:39,6,planning
377,594b20ea3f82d10028f03c54,2017-06-21 21:44:10,planning,2017-06-21 21:45:14,6,planning
378,594b20ea3f82d10028f03c54,2017-06-21 21:44:10,planning,2017-06-21 22:36:36,1,"review, planning"
379,594b20eb3f82d10028f03c5c,2017-06-21 21:44:11,planning,2017-06-21 22:35:23,1,"review, planning, editing, sourcing, writing"
380,594b20eb3f82d10028f03c5c,2017-06-21 21:44:11,planning,2017-06-21 22:35:58,1,"review, planning, editing, sourcing, writing"
381,594b20eb3f82d10028f03c5c,2017-06-21 21:44:11,planning,2017-06-21 22:35:58,1,"review, planning, editing, sourcing, writing"
382,594b20eb3f82d10028f03c5c,2017-06-21 21:44:11,planning,2017-06-21 22:36:33,2,"review, planning, editing, sourcing, writing"
383,594b20eb3f82d10028f03c5c,2017-06-21 21:44:11,planning,2017-06-21 22:14:00,1,"planning, sourcing"
384,594b20eb3f82d10028f03c5c,2017-06-21 21:44:11,sourcing,2017-06-21 23:11:19,21,sourcing
385,594b20eb3f82d10028f03c5c,2017-06-21 21:44:11,planning,2017-06-21 22:46:35,1,"review, planning"
386,594b20eb3f82d10028f03c5c,2017-06-21 21:44:11,planning,2017-06-21 22:46:31,1,"review, planning"
387,594b20eb3f82d10028f03c5c,2017-06-21 21:44:11,planning,2017-06-21 22:45:24,1,"review, planning"
388,594b20eb3f82d10028f03c5c,2017-06-21 21:44:11,writing,2017-06-22 05:15:41,1,writing
389,594b20eb3f82d10028f03c5c,2017-06-21 21:44:11,writing,2017-06-22 05:15:43,1,writing
390,594b20eb3f82d10028f03c5c,2017-06-21 21:44:11,planning,2017-06-21 22:13:56,1,"planning, sourcing"
391,594b20eb3f82d10028f03c5c,2017-06-21 21:44:11,writing,2017-06-22 07:43:36,1,"review, vetting, editing, sourcing, writing"
392,594b20eb3f82d10028f03c5c,2017-06-21 21:44:11,sourcing,2017-06-21 23:12:19,22,sourcing
393,594b20eb3f82d10028f03c5c,2017-06-21 21:44:11,sourcing,2017-06-21 23:22:30,1,sourcing
394,594b20eb3f82d10028f03c5c,2017-06-21 21:44:11,source review,2017-06-22 02:47:37,1,"review, planning, editing, sourcing, writing"
395,594b20eb3f82d10028f03c5c,2017-06-21 21:44:11,source review,2017-06-22 02:47:35,1,"review, planning, editing, sourcing, writing"
396,594b20eb3f82d10028f03c5c,2017-06-21 21:44:11,sourcing,2017-06-21 23:22:35,1,sourcing
397,594b20eb3f82d10028f03c5c,2017-06-21 21:44:11,writing,2017-06-22 07:03:53,1,"sourcing, writing"
398,594b20eb3f82d10028f03c5c,2017-06-21 21:44:11,writing,2017-06-22 07:03:50,1,"sourcing, writing"
399,594b20eb3f82d10028f03c5c,2017-06-21 21:44:11,sourcing,2017-06-21 23:11:54,21,sourcing
400,594b20eb3f82d10028f03c5c,2017-06-21 21:44:11,writing,2017-06-22 07:03:15,1,"sourcing, writing"
401,594b20eb3f82d10028f03c5c,2017-06-21 21:44:11,writing,2017-06-22 07:03:50,1,"sourcing, writing"
402,594b20eb3f82d10028f03c5c,2017-06-21 21:44:11,sourcing,2017-06-21 23:22:37,1,sourcing
403,594b20eb3f82d10028f03c5c,2017-06-21 21:44:11,writing,2017-06-22 06:36:27,2,"planning, editing, sourcing, writing"
404,594b20eb3f82d10028f03c5c,2017-06-21 21:44:11,writing,2017-06-22 06:35:52,1,"planning, editing, sourcing, writing"
405,594b20eb3f82d10028f03c5c,2017-06-21 21:44:11,writing,2017-06-22 06:35:52,1,"planning, editing, sourcing, writing"
406,594b20eb3f82d10028f03c5c,2017-06-21 21:44:11,writing,2017-06-22 06:35:17,1,"planning, editing, sourcing, writing"
407,594b20eb3f82d10028f03c5c,2017-06-21 21:44:11,writing,2017-06-22 07:43:32,1,"review, vetting, editing, sourcing, writing"
408,594b20eb3f82d10028f03c5c,2017-06-21 21:44:11,sourcing,2017-06-21 23:22:36,1,sourcing
409,594b20eb3f82d10028f03c5c,2017-06-21 21:44:11,sourcing,2017-06-21 23:11:54,21,sourcing
410,594b20ec3f82d10028f03c64,2017-06-21 21:44:12,planning,2017-06-21 22:17:11,1,"review, planning"
411,594b20ec3f82d10028f03c64,2017-06-21 21:44:12,planning,2017-06-21 22:17:14,1,"review, planning"
412,594b20ec3f82d10028f03c64,2017-06-21 21:44:12,review,2017-06-22 01:58:55,1,"review, planning, editing, sourcing, writing"
413,594b20ec3f82d10028f03c64,2017-06-21 21:44:12,review,2017-06-22 01:58:30,1,"review, planning, editing, sourcing, writing"
414,594b20ec3f82d10028f03c64,2017-06-21 21:44:12,editing,2017-06-22 02:57:30,1,editing
415,594b20ec3f82d10028f03c64,2017-06-21 21:44:12,editing,2017-06-22 02:57:36,1,editing
416,594b20ec3f82d10028f03c64,2017-06-21 21:44:12,sourcing,2017-06-21 22:38:15,1,sourcing
417,594b20ec3f82d10028f03c64,2017-06-21 21:44:12,sourcing,2017-06-21 22:38:22,1,sourcing
418,594b20ed3f82d10028f03c6c,2017-06-21 21:44:13,review,2017-06-22 04:26:31,1,review
419,594b20ed3f82d10028f03c6c,2017-06-21 21:44:13,planning,2017-06-21 22:27:12,2,"review, planning, editing, sourcing, writing"
420,594b20ed3f82d10028f03c6c,2017-06-21 21:44:13,planning,2017-06-21 22:27:12,2,"review, planning, editing, sourcing, writing"
421,594b20ed3f82d10028f03c6c,2017-06-21 21:44:13,planning,2017-06-21 22:33:03,1,planning
422,594b20ed3f82d10028f03c6c,2017-06-21 21:44:13,planning,2017-06-21 22:33:07,1,planning
423,594b20ed3f82d10028f03c6c,2017-06-21 21:44:13,review,2017-06-22 04:26:34,1,review
424,594b20ed3f82d10028f03c6c,2017-06-21 21:44:13,planning,2017-06-21 22:26:37,1,"review, planning, editing, sourcing, writing"
425,594b20ed3f82d10028f03c6c,2017-06-21 21:44:13,review,2017-06-22 04:17:34,1,review
426,594b20ed3f82d10028f03c6c,2017-06-21 21:44:13,sourcing,2017-06-21 23:26:17,1,sourcing
427,594b20ed3f82d10028f03c6c,2017-06-21 21:44:13,sourcing,2017-06-21 23:26:19,1,sourcing
428,594b20ed3f82d10028f03c6c,2017-06-21 21:44:13,review,2017-06-22 04:17:37,1,review
429,594b20ed3f82d10028f03c6c,2017-06-21 21:44:13,planning,2017-06-21 22:27:48,2,"review, planning, editing, sourcing, writing"
430,594b20ee3f82d10028f03c74,2017-06-21 21:44:14,review,2017-06-22 04:34:15,1,review
431,594b20ee3f82d10028f03c74,2017-06-21 21:44:14,sourcing,2017-06-21 23:35:09,1,sourcing
432,594b20ee3f82d10028f03c74,2017-06-21 21:44:14,sourcing,2017-06-21 23:34:58,1,sourcing
433,594b20ee3f82d10028f03c74,2017-06-21 21:44:14,review,2017-06-22 04:34:05,1,review
434,594b20ee3f82d10028f03c74,2017-06-21 21:44:14,planning,2017-06-21 23:07:49,1,"review, planning, editing, sourcing, writing"
435,594b20ee3f82d10028f03c74,2017-06-21 21:44:14,planning,2017-06-21 23:07:49,1,"review, planning, editing, sourcing, writing"
436,594b20ee3f82d10028f03c74,2017-06-21 21:44:14,planning,2017-06-21 23:08:24,2,"review, planning, editing, sourcing, writing"
437,594b20ee3f82d10028f03c74,2017-06-21 21:44:14,planning,2017-06-21 23:23:02,1,planning
438,594b20ee3f82d10028f03c74,2017-06-21 21:44:14,planning,2017-06-21 23:22:30,1,planning
439,594b20ee3f82d10028f03c74,2017-06-21 21:44:14,sourcing,2017-06-22 00:15:14,1,sourcing
440,594b20ee3f82d10028f03c74,2017-06-21 21:44:14,sourcing,2017-06-22 00:15:11,1,sourcing
441,594b20ee3f82d10028f03c74,2017-06-21 21:44:14,planning,2017-06-21 23:07:14,1,"review, planning, editing, sourcing, writing"
442,594b20ef3f82d10028f03c7c,2017-06-21 21:44:15,sourcing,2017-06-22 04:27:06,5,sourcing
443,594b20ef3f82d10028f03c7c,2017-06-21 21:44:15,sourcing,2017-06-22 04:27:11,5,sourcing
444,594b20ef3f82d10028f03c7c,2017-06-21 21:44:15,source review,2017-06-22 06:59:51,1,review
445,594b20ef3f82d10028f03c7c,2017-06-21 21:44:15,writing,2017-06-22 07:23:41,1,"sourcing, writing"
446,594b20ef3f82d10028f03c7c,2017-06-21 21:44:15,sourcing,2017-06-22 02:04:15,1,sourcing
447,594b20ef3f82d10028f03c7c,2017-06-21 21:44:15,sourcing,2017-06-22 02:04:20,1,sourcing
448,594b20ef3f82d10028f03c7c,2017-06-21 21:44:15,writing,2017-06-22 07:23:45,1,"sourcing, writing"
449,594b20ef3f82d10028f03c7c,2017-06-21 21:44:15,sourcing,2017-06-22 00:08:53,1,sourcing
450,594b20ef3f82d10028f03c7c,2017-06-21 21:44:15,source review,2017-06-22 06:59:45,1,review
451,594b20ef3f82d10028f03c7c,2017-06-21 21:44:15,sourcing,2017-06-22 00:08:22,1,sourcing
452,594b20ef3f82d10028f03c7c,2017-06-21 21:44:15,sourcing,2017-06-22 00:20:26,1,sourcing
453,594b20ef3f82d10028f03c7c,2017-06-21 21:44:15,sourcing,2017-06-22 00:20:28,1,sourcing
454,594b20ef3f82d10028f03c7c,2017-06-21 21:44:15,sourcing,2017-06-22 00:08:52,1,sourcing
455,594b20ef3f82d10028f03c7c,2017-06-21 21:44:15,editing,2017-06-22 08:32:44,33,"review, vetting, editing"
456,594b20ef3f82d10028f03c7c,2017-06-21 21:44:15,editing,2017-06-22 08:32:39,33,"review, vetting, editing"
457,594b20ef3f82d10028f03c7c,2017-06-21 21:44:15,editing,2017-06-22 08:32:39,33,"review, vetting, editing"
458,594b20ef3f82d10028f03c7c,2017-06-21 21:44:15,editing,2017-06-22 08:32:04,32,"review, vetting, editing"
459,594b20ef3f82d10028f03c7c,2017-06-21 21:44:15,sourcing,2017-06-22 00:06:11,2,sourcing
460,594b20ef3f82d10028f03c7c,2017-06-21 21:44:15,editing,2017-06-22 08:57:04,1,editing
461,594b20ef3f82d10028f03c7c,2017-06-21 21:44:15,sourcing,2017-06-22 00:05:39,1,sourcing
462,594b20ef3f82d10028f03c7c,2017-06-21 21:44:15,review,2017-06-22 08:18:37,1,"review, sourcing"
463,594b20ef3f82d10028f03c7c,2017-06-21 21:44:15,review,2017-06-22 08:18:35,1,"review, sourcing"
464,594b20ef3f82d10028f03c7c,2017-06-21 21:44:15,sourcing,2017-06-22 00:05:04,1,sourcing
465,594b20ef3f82d10028f03c7c,2017-06-21 21:44:15,planning,2017-06-21 23:31:16,1,planning
466,594b20ef3f82d10028f03c7c,2017-06-21 21:44:15,planning,2017-06-21 23:31:11,1,planning
467,594b20ef3f82d10028f03c7c,2017-06-21 21:44:15,sourcing,2017-06-22 00:05:39,1,sourcing
468,594b20ef3f82d10028f03c7c,2017-06-21 21:44:15,editing,2017-06-22 08:57:07,1,editing
469,594b31f09d87570035cccafd,2017-06-21 22:56:48,review,2017-06-22 10:39:09,55,"review, editing"
470,594b31f09d87570035cccafd,2017-06-21 22:56:48,review,2017-06-22 10:39:09,55,"review, editing"
471,594b31f09d87570035cccafd,2017-06-21 22:56:48,sourcing,2017-06-22 02:56:55,26,sourcing
472,594b31f09d87570035cccafd,2017-06-21 22:56:48,sourcing,2017-06-22 02:57:03,26,sourcing
473,594b31f09d87570035cccafd,2017-06-21 22:56:48,review,2017-06-22 10:39:44,55,"review, editing"
474,594b31f09d87570035cccafd,2017-06-21 22:56:48,review,2017-06-22 10:39:44,17,review
475,594b31f09d87570035cccafd,2017-06-21 22:56:48,vetting,2017-06-22 01:39:30,1,"vetting, editing, sourcing"
476,594b31f09d87570035cccafd,2017-06-21 22:56:48,review,2017-06-22 10:39:49,17,review
477,594b31f09d87570035cccafd,2017-06-21 22:56:48,review,2017-06-22 10:47:19,1,review
478,594b31f09d87570035cccafd,2017-06-21 22:56:48,review,2017-06-22 10:47:21,1,review
479,594b31f09d87570035cccafd,2017-06-21 22:56:48,review,2017-06-22 10:47:23,1,review
480,594b31f09d87570035cccafd,2017-06-21 22:56:48,vetting,2017-06-22 01:30:20,1,vetting
481,594b31f09d87570035cccafd,2017-06-21 22:56:48,vetting,2017-06-22 01:30:23,1,vetting
482,594b31f09d87570035cccafd,2017-06-21 22:56:48,vetting,2017-06-22 01:39:46,1,"vetting, editing, sourcing"
483,594b31f09d87570035cccafd,2017-06-21 22:56:48,planning,2017-06-22 01:36:15,1,"planning, editing, sourcing, writing"
484,594b31f09d87570035cccafd,2017-06-21 22:56:48,review,2017-06-22 10:39:48,17,review
485,594b31f09d87570035cccafd,2017-06-21 22:56:48,planning,2017-06-22 01:36:18,1,"planning, editing, sourcing, writing"
486,594b31f09d87570035cccafd,2017-06-21 22:56:48,source review,2017-06-22 07:33:02,1,"review, vetting, editing, sourcing, writing"
487,594b31f09d87570035cccafd,2017-06-21 22:56:48,review,2017-06-22 10:38:34,54,"review, editing"
488,594b31f09d87570035cccafd,2017-06-21 22:56:48,source review,2017-06-22 07:33:21,1,"review, vetting, editing, sourcing, writing"
489,594b31f09d87570035cccafd,2017-06-21 22:56:48,writing,2017-06-22 08:12:12,1,writing
490,594b31f09d87570035cccafd,2017-06-21 22:56:48,writing,2017-06-22 10:25:51,1,writing
491,594b31f09d87570035cccafd,2017-06-21 22:56:48,writing,2017-06-22 08:12:09,1,writing
492,594b31f09d87570035cccafd,2017-06-21 22:56:48,writing,2017-06-22 10:25:53,1,writing
493,594b33d6fee3760035a1a540,2017-06-21 23:04:54,review,2017-06-22 08:58:53,1,review
494,594b33d6fee3760035a1a540,2017-06-21 23:04:54,vetting,2017-06-21 23:38:17,1,"vetting, editing, sourcing"
495,594b33d6fee3760035a1a540,2017-06-21 23:04:54,vetting,2017-06-21 23:38:16,1,"vetting, editing, sourcing"
496,594b33d6fee3760035a1a540,2017-06-21 23:04:54,review,2017-06-22 08:58:50,1,review
497,594b52f717d10a00289676dd,2017-06-22 01:17:43,vetting,2017-06-22 03:55:15,1,"vetting, planning, sourcing"
498,594b52f717d10a00289676dd,2017-06-22 01:17:43,planning,2017-06-22 03:58:08,1,"planning, sourcing"
499,594b52f717d10a00289676dd,2017-06-22 01:17:43,planning,2017-06-22 03:58:11,1,"planning, sourcing"
500,594b52f717d10a00289676dd,2017-06-22 01:17:43,review,2017-06-22 05:03:25,1,"review, vetting, planning, sourcing"
501,594b52f717d10a00289676dd,2017-06-22 01:17:43,review,2017-06-22 05:03:29,1,"review, vetting, planning, sourcing"
502,594b52f717d10a00289676dd,2017-06-22 01:17:43,sourcing,2017-06-22 04:09:28,1,sourcing
503,594b52f717d10a00289676dd,2017-06-22 01:17:43,sourcing,2017-06-22 04:09:30,1,sourcing
504,594b52f717d10a00289676dd,2017-06-22 01:17:43,vetting,2017-06-22 03:55:13,1,"vetting, planning, sourcing"
505,594b6c6a96165a002896b124,2017-06-22 03:06:18,vetting,2017-06-22 05:09:16,1,"vetting, planning, sourcing"
506,594b6c6a96165a002896b124,2017-06-22 03:06:18,vetting,2017-06-22 05:09:20,1,"vetting, planning, sourcing"
507,594b6c6a96165a002896b124,2017-06-22 03:06:18,planning,2017-06-22 05:14:40,1,"vetting, planning, sourcing"
508,594b6c6a96165a002896b124,2017-06-22 03:06:18,sourcing,2017-06-22 05:31:28,1,"vetting, planning, sourcing"
509,594b6c6a96165a002896b124,2017-06-22 03:06:18,planning,2017-06-22 05:14:31,1,"vetting, planning, sourcing"
510,594b6c6a96165a002896b124,2017-06-22 03:06:18,sourcing,2017-06-22 05:31:32,1,"vetting, planning, sourcing"
511,594b945bf8b866004036d9c3,2017-06-22 05:56:43,writing,2017-06-22 14:56:54,1,writing
512,594b945bf8b866004036d9c3,2017-06-22 05:56:43,sourcing,2017-06-22 09:57:49,6,sourcing
513,594b945bf8b866004036d9c3,2017-06-22 05:56:43,sourcing,2017-06-22 09:57:49,6,sourcing
514,594b945bf8b866004036d9c3,2017-06-22 05:56:43,sourcing,2017-06-22 09:57:14,5,sourcing
515,594b945bf8b866004036d9c3,2017-06-22 05:56:43,writing,2017-06-22 14:54:34,4,"sourcing, writing"
516,594b945bf8b866004036d9c3,2017-06-22 05:56:43,source review,2017-06-22 13:20:58,22,"review, vetting"
517,594b945bf8b866004036d9c3,2017-06-22 05:56:43,source review,2017-06-22 13:21:01,23,"review, vetting"
518,594b945bf8b866004036d9c3,2017-06-22 05:56:43,writing,2017-06-22 14:54:37,4,"sourcing, writing"
519,594b945bf8b866004036d9c3,2017-06-22 05:56:43,vetting,2017-06-22 07:36:37,1,"review, vetting, editing, sourcing, writing"
520,594b945bf8b866004036d9c3,2017-06-22 05:56:43,writing,2017-06-22 13:25:08,30,writing
521,594b945bf8b866004036d9c3,2017-06-22 05:56:43,vetting,2017-06-22 07:36:32,1,"review, vetting, editing, sourcing, writing"
522,594b945bf8b866004036d9c3,2017-06-22 05:56:43,review,2017-06-22 17:26:52,1,review
523,594b945bf8b866004036d9c3,2017-06-22 05:56:43,review,2017-06-22 17:26:53,1,review
524,594b945bf8b866004036d9c3,2017-06-22 05:56:43,sourcing,2017-06-22 09:58:24,7,sourcing
525,594b945bf8b866004036d9c3,2017-06-22 05:56:43,writing,2017-06-22 14:57:01,1,writing
526,594b945bf8b866004036d9c3,2017-06-22 05:56:43,sourcing,2017-06-22 09:58:24,27,sourcing
527,594b945bf8b866004036d9c3,2017-06-22 05:56:43,writing,2017-06-22 13:25:03,30,writing
528,594b945bf8b866004036d9c3,2017-06-22 05:56:43,sourcing,2017-06-22 09:58:49,28,sourcing
529,594b9dd57c3b31004d97a6dc,2017-06-22 06:37:09,review,2017-06-22 10:55:33,1,"review, planning"
530,594b9dd57c3b31004d97a6dc,2017-06-22 06:37:09,sourcing,2017-06-22 08:21:36,1,"sourcing, writing"
531,594b9dd57c3b31004d97a6dc,2017-06-22 06:37:09,review,2017-06-22 10:55:30,1,"review, planning"
532,594b9dd57c3b31004d97a6dc,2017-06-22 06:37:09,vetting,2017-06-22 07:34:49,1,"review, vetting, editing, sourcing, writing"
533,594b9dd57c3b31004d97a6dc,2017-06-22 06:37:09,sourcing,2017-06-22 08:21:33,1,"sourcing, writing"
534,594b9dd57c3b31004d97a6dc,2017-06-22 06:37:09,vetting,2017-06-22 07:34:47,1,"review, vetting, editing, sourcing, writing"
535,594babd780f13f00405cd449,2017-06-22 07:36:55,vetting,2017-06-22 07:38:52,1,"review, vetting, editing, sourcing, writing"
536,594babd780f13f00405cd449,2017-06-22 07:36:55,vetting,2017-06-22 07:38:58,1,"review, vetting, editing, sourcing, writing"
537,594baca737b4b7004b683616,2017-06-22 07:40:23,review,2017-06-22 16:37:43,1,review
538,594baca737b4b7004b683616,2017-06-22 07:40:23,vetting,2017-06-22 07:41:50,1,"review, vetting, editing, sourcing, writing"
539,594baca737b4b7004b683616,2017-06-22 07:40:23,review,2017-06-22 16:37:46,1,review
540,594baca737b4b7004b683616,2017-06-22 07:40:23,vetting,2017-06-22 07:41:47,1,"review, vetting, editing, sourcing, writing"
541,594bcdd580f13f00405cd4e0,2017-06-22 10:01:57,vetting,2017-06-22 10:11:24,1,vetting
542,594bcdd580f13f00405cd4e0,2017-06-22 10:01:57,vetting,2017-06-22 10:11:15,1,vetting
543,594bcdd680f13f00405cd4e8,2017-06-22 10:01:58,sourcing,2017-06-22 14:04:14,4,sourcing
544,594bcdd680f13f00405cd4e8,2017-06-22 10:01:58,sourcing,2017-06-22 14:04:23,4,sourcing
545,594bcdd680f13f00405cd4e8,2017-06-22 10:01:58,sourcing,2017-06-22 14:31:43,7,"sourcing, writing"
546,594bcdd680f13f00405cd4e8,2017-06-22 10:01:58,vetting,2017-06-22 10:24:41,1,vetting
547,594bcdd680f13f00405cd4e8,2017-06-22 10:01:58,sourcing,2017-06-22 14:31:47,7,"sourcing, writing"
548,594bcdd680f13f00405cd4e8,2017-06-22 10:01:58,sourcing,2017-06-22 14:02:28,20,sourcing
549,594bcdd680f13f00405cd4e8,2017-06-22 10:01:58,vetting,2017-06-22 10:57:18,1,vetting
550,594bcdd680f13f00405cd4e8,2017-06-22 10:01:58,sourcing,2017-06-22 14:02:36,20,sourcing
551,594bcdd680f13f00405cd4e8,2017-06-22 10:01:58,vetting,2017-06-22 10:24:43,1,vetting
552,594bcdd680f13f00405cd4e8,2017-06-22 10:01:58,vetting,2017-06-22 10:30:23,1,vetting
553,594bcdd680f13f00405cd4e8,2017-06-22 10:01:58,vetting,2017-06-22 10:57:15,1,vetting
554,594bcdd680f13f00405cd4e8,2017-06-22 10:01:58,vetting,2017-06-22 10:31:41,1,vetting
555,594bcdd680f13f00405cd4e8,2017-06-22 10:01:58,vetting,2017-06-22 10:30:27,1,vetting
556,594bcdd680f13f00405cd4e8,2017-06-22 10:01:58,vetting,2017-06-22 10:31:34,1,vetting
557,594bcdd780f13f00405cd4f0,2017-06-22 10:01:59,review,2017-06-22 19:07:53,1,"review, planning, editing, sourcing, writing"
558,594bcdd780f13f00405cd4f0,2017-06-22 10:01:59,review,2017-06-22 19:07:55,1,"review, planning, editing, sourcing, writing"
559,594bcdd780f13f00405cd4f0,2017-06-22 10:01:59,sourcing,2017-06-22 14:02:28,26,"editing, sourcing, writing"
560,594bcdd780f13f00405cd4f0,2017-06-22 10:01:59,sourcing,2017-06-22 14:02:34,26,"editing, sourcing, writing"
561,594bcdd780f13f00405cd4f0,2017-06-22 10:01:59,vetting,2017-06-22 10:33:32,1,vetting
562,594bcdd780f13f00405cd4f0,2017-06-22 10:01:59,vetting,2017-06-22 10:33:19,1,vetting
563,594bde9ffd2cf400280aa920,2017-06-22 11:13:35,review,2017-06-22 17:47:18,1,review
564,594bde9ffd2cf400280aa920,2017-06-22 11:13:35,review,2017-06-22 17:47:20,1,review
565,594bebaa632eb100405ab4c3,2017-06-22 12:09:14,planning,2017-06-22 15:47:15,1,planning
566,594bebaa632eb100405ab4c3,2017-06-22 12:09:14,planning,2017-06-22 15:47:12,1,planning
567,594bebaa632eb100405ab4c3,2017-06-22 12:09:14,sourcing,2017-06-22 17:00:34,23,sourcing
568,594bebaa632eb100405ab4c3,2017-06-22 12:09:14,sourcing,2017-06-22 17:03:03,35,sourcing
569,594bebaa632eb100405ab4c3,2017-06-22 12:09:14,sourcing,2017-06-22 17:01:44,2,"sourcing, writing"
570,594bebaa632eb100405ab4c3,2017-06-22 12:09:14,sourcing,2017-06-22 17:01:09,23,sourcing
571,594bebaa632eb100405ab4c3,2017-06-22 12:09:14,sourcing,2017-06-22 17:01:44,24,sourcing
572,594bebaa632eb100405ab4c3,2017-06-22 12:09:14,sourcing,2017-06-22 17:01:09,23,sourcing
573,594bebaa632eb100405ab4c3,2017-06-22 12:09:14,sourcing,2017-06-22 17:02:19,2,"sourcing, writing"
574,594bebaa632eb100405ab4c3,2017-06-22 12:09:14,sourcing,2017-06-22 17:02:54,3,"sourcing, writing"
575,594bebaa632eb100405ab4c3,2017-06-22 12:09:14,sourcing,2017-06-22 17:02:19,2,"sourcing, writing"
576,594bebaa632eb100405ab4c3,2017-06-22 12:09:14,sourcing,2017-06-22 17:02:54,35,sourcing
577,594bebaa632eb100405ab4c3,2017-06-22 12:09:14,vetting,2017-06-22 12:09:49,2,"review, vetting"
578,594bebaa632eb100405ab4c3,2017-06-22 12:09:14,vetting,2017-06-22 12:09:45,2,"review, vetting"
579,594bec5a95e2ce005840c22a,2017-06-22 12:12:10,review,2017-06-22 14:59:17,1,review
580,594bec5a95e2ce005840c22a,2017-06-22 12:12:10,sourcing,2017-06-22 13:19:48,27,sourcing
581,594bec5a95e2ce005840c22a,2017-06-22 12:12:10,sourcing,2017-06-22 13:19:48,1,"sourcing, writing"
582,594bec5a95e2ce005840c22a,2017-06-22 12:12:10,sourcing,2017-06-22 13:19:50,1,"sourcing, writing"
583,594bec5a95e2ce005840c22a,2017-06-22 12:12:10,sourcing,2017-06-22 13:18:37,26,sourcing
584,594bec5a95e2ce005840c22a,2017-06-22 12:12:10,planning,2017-06-22 13:09:19,1,planning
585,594bec5a95e2ce005840c22a,2017-06-22 12:12:10,planning,2017-06-22 13:09:17,1,planning
586,594bec5a95e2ce005840c22a,2017-06-22 12:12:10,review,2017-06-22 14:59:14,1,review
587,594bec5a95e2ce005840c22a,2017-06-22 12:12:10,sourcing,2017-06-22 13:19:13,27,sourcing
588,594bec5a95e2ce005840c22a,2017-06-22 12:12:10,sourcing,2017-06-22 13:19:13,27,sourcing
589,594bec5a95e2ce005840c22a,2017-06-22 12:12:10,review,2017-06-22 14:49:53,1,"review, planning"
590,594bec5a95e2ce005840c22a,2017-06-22 12:12:10,planning,2017-06-22 12:58:46,1,planning
591,594bec5a95e2ce005840c22a,2017-06-22 12:12:10,planning,2017-06-22 12:58:51,1,planning
592,594bec5b95e2ce005840c232,2017-06-22 12:12:11,sourcing,2017-06-22 13:22:08,2,sourcing
593,594bec5b95e2ce005840c232,2017-06-22 12:12:11,writing,2017-06-22 17:04:12,8,writing
594,594bec5b95e2ce005840c232,2017-06-22 12:12:11,source review,2017-06-22 16:52:58,1,"review, planning, editing, sourcing, writing"
595,594bec5b95e2ce005840c232,2017-06-22 12:12:11,source review,2017-06-22 16:46:32,1,review
596,594bec5b95e2ce005840c232,2017-06-22 12:12:11,writing,2017-06-22 17:04:05,8,writing
597,594bec5b95e2ce005840c232,2017-06-22 12:12:11,source review,2017-06-22 16:53:00,1,"review, planning, editing, sourcing, writing"
598,594bec5b95e2ce005840c232,2017-06-22 12:12:11,planning,2017-06-22 13:09:17,1,planning
599,594bec5b95e2ce005840c232,2017-06-22 12:12:11,review,2017-06-22 19:44:03,1,"review, planning, editing, sourcing, writing"
600,594bec5b95e2ce005840c232,2017-06-22 12:12:11,planning,2017-06-22 13:09:23,1,planning
601,594bec5b95e2ce005840c232,2017-06-22 12:12:11,sourcing,2017-06-22 13:22:16,2,sourcing
602,594bec5b95e2ce005840c232,2017-06-22 12:12:11,planning,2017-06-22 13:20:23,1,planning
603,594bec5b95e2ce005840c232,2017-06-22 12:12:11,planning,2017-06-22 13:20:25,1,planning
604,594bec5b95e2ce005840c232,2017-06-22 12:12:11,review,2017-06-22 19:44:01,1,"review, planning, editing, sourcing, writing"
605,594bec5c95e2ce005840c242,2017-06-22 12:12:12,review,2017-06-22 18:29:21,1,"review, planning, editing, sourcing, writing"
606,594bec5c95e2ce005840c23a,2017-06-22 12:12:12,review,2017-06-22 19:59:02,1,review
607,594bec5c95e2ce005840c242,2017-06-22 12:12:12,review,2017-06-22 18:29:23,1,"review, planning, editing, sourcing, writing"
608,594bec5c95e2ce005840c23a,2017-06-22 12:12:12,review,2017-06-22 19:59:06,1,review
609,594bec5c95e2ce005840c23a,2017-06-22 12:12:12,planning,2017-06-22 13:12:52,1,planning
610,594bec5c95e2ce005840c242,2017-06-22 12:12:12,sourcing,2017-06-22 13:43:27,16,"sourcing, writing"
611,594bec5c95e2ce005840c242,2017-06-22 12:12:12,sourcing,2017-06-22 13:43:11,16,"sourcing, writing"
612,594bec5c95e2ce005840c242,2017-06-22 12:12:12,sourcing,2017-06-22 13:38:35,15,sourcing
613,594bec5c95e2ce005840c242,2017-06-22 12:12:12,sourcing,2017-06-22 13:38:30,15,sourcing
614,594bec5c95e2ce005840c242,2017-06-22 12:12:12,planning,2017-06-22 13:28:01,1,planning
615,594bec5c95e2ce005840c242,2017-06-22 12:12:12,planning,2017-06-22 13:27:59,1,planning
616,594bec5c95e2ce005840c23a,2017-06-22 12:12:12,planning,2017-06-22 13:12:47,1,planning
617,594bec5c95e2ce005840c23a,2017-06-22 12:12:12,planning,2017-06-22 13:22:08,1,planning
618,594bec5c95e2ce005840c242,2017-06-22 12:12:12,planning,2017-06-22 13:24:28,1,planning
619,594bec5c95e2ce005840c242,2017-06-22 12:12:12,planning,2017-06-22 13:24:35,1,planning
620,594bec5d95e2ce005840c24a,2017-06-22 12:12:13,planning,2017-06-22 13:26:19,1,planning
621,594bec5d95e2ce005840c24a,2017-06-22 12:12:13,planning,2017-06-22 13:42:38,1,"review, planning"
622,594bec5d95e2ce005840c24a,2017-06-22 12:12:13,planning,2017-06-22 13:26:14,1,planning
623,594bec5d95e2ce005840c24a,2017-06-22 12:12:13,planning,2017-06-22 13:42:36,1,"review, planning"
624,594bec5e95e2ce005840c25a,2017-06-22 12:12:14,planning,2017-06-22 13:29:19,1,planning
625,594bec5e95e2ce005840c25a,2017-06-22 12:12:14,planning,2017-06-22 14:39:21,1,"review, planning"
626,594bec5e95e2ce005840c25a,2017-06-22 12:12:14,planning,2017-06-22 14:39:23,1,"review, planning"
627,594bec5e95e2ce005840c25a,2017-06-22 12:12:14,sourcing,2017-06-22 14:46:57,1,sourcing
628,594bec5e95e2ce005840c25a,2017-06-22 12:12:14,sourcing,2017-06-22 14:47:00,1,sourcing
629,594bec5e95e2ce005840c252,2017-06-22 12:12:14,source review,2017-06-22 17:04:40,1,"review, planning, editing, sourcing, writing"
630,594bec5e95e2ce005840c252,2017-06-22 12:12:14,sourcing,2017-06-22 14:24:23,11,sourcing
631,594bec5e95e2ce005840c252,2017-06-22 12:12:14,sourcing,2017-06-22 14:24:07,11,sourcing
632,594bec5e95e2ce005840c252,2017-06-22 12:12:14,planning,2017-06-22 14:10:41,1,"review, planning"
633,594bec5e95e2ce005840c252,2017-06-22 12:12:14,planning,2017-06-22 14:10:40,1,"review, planning"
634,594bec5e95e2ce005840c252,2017-06-22 12:12:14,writing,2017-06-22 17:12:54,4,"editing, sourcing, writing"
635,594bec5e95e2ce005840c252,2017-06-22 12:12:14,planning,2017-06-22 13:27:59,1,planning
636,594bec5e95e2ce005840c252,2017-06-22 12:12:14,writing,2017-06-22 17:12:50,4,"editing, sourcing, writing"
637,594bec5e95e2ce005840c252,2017-06-22 12:12:14,source review,2017-06-22 17:04:42,1,"review, planning, editing, sourcing, writing"
638,594bec5e95e2ce005840c25a,2017-06-22 12:12:14,planning,2017-06-22 13:29:09,1,planning
639,594bec5e95e2ce005840c252,2017-06-22 12:12:14,planning,2017-06-22 13:28:01,1,planning
640,594bec5e95e2ce005840c25a,2017-06-22 12:12:14,planning,2017-06-22 14:36:25,1,"review, planning"
641,594bec7ffd2cf400280aa953,2017-06-22 12:12:47,sourcing,2017-06-22 14:30:54,26,sourcing
642,594bec7ffd2cf400280aa953,2017-06-22 12:12:47,sourcing,2017-06-22 14:30:59,26,sourcing
643,594bec7ffd2cf400280aa953,2017-06-22 12:12:47,planning,2017-06-22 13:32:46,1,planning
644,594bec7ffd2cf400280aa953,2017-06-22 12:12:47,planning,2017-06-22 13:32:40,1,planning
645,594bec7ffd2cf400280aa953,2017-06-22 12:12:47,sourcing,2017-06-22 14:33:29,1,"editing, sourcing, writing"
646,594bec7ffd2cf400280aa953,2017-06-22 12:12:47,sourcing,2017-06-22 14:33:35,1,"editing, sourcing, writing"
647,594bec7ffd2cf400280aa953,2017-06-22 12:12:47,sourcing,2017-06-22 14:33:36,1,"editing, sourcing, writing"
648,594bec7ffd2cf400280aa953,2017-06-22 12:12:47,sourcing,2017-06-22 14:30:33,26,sourcing
649,594bec81fd2cf400280aa95c,2017-06-22 12:12:49,planning,2017-06-22 14:31:08,1,planning
650,594bec81fd2cf400280aa95c,2017-06-22 12:12:49,planning,2017-06-22 14:31:12,1,planning
651,594bec81fd2cf400280aa95c,2017-06-22 12:12:49,sourcing,2017-06-22 15:15:03,4,"sourcing, writing"
652,594bec81fd2cf400280aa95c,2017-06-22 12:12:49,sourcing,2017-06-22 15:12:07,28,"sourcing, writing"
653,594bec81fd2cf400280aa95c,2017-06-22 12:12:49,sourcing,2017-06-22 15:14:28,3,"sourcing, writing"
654,594bec81fd2cf400280aa95c,2017-06-22 12:12:49,sourcing,2017-06-22 15:14:28,3,"sourcing, writing"
655,594bec81fd2cf400280aa95c,2017-06-22 12:12:49,sourcing,2017-06-22 15:13:18,4,sourcing
656,594bec81fd2cf400280aa95c,2017-06-22 12:12:49,sourcing,2017-06-22 15:13:53,4,sourcing
657,594bec81fd2cf400280aa95c,2017-06-22 12:12:49,sourcing,2017-06-22 15:12:42,3,sourcing
658,594bec81fd2cf400280aa95c,2017-06-22 12:12:49,sourcing,2017-06-22 15:13:53,3,"sourcing, writing"
659,594bec81fd2cf400280aa95c,2017-06-22 12:12:49,sourcing,2017-06-22 15:11:32,27,"sourcing, writing"
660,594bec81fd2cf400280aa95c,2017-06-22 12:12:49,sourcing,2017-06-22 15:13:18,4,sourcing
661,594bec81fd2cf400280aa95c,2017-06-22 12:12:49,sourcing,2017-06-22 15:12:42,28,"sourcing, writing"
662,594bec81fd2cf400280aa95c,2017-06-22 12:12:49,sourcing,2017-06-22 15:12:07,28,"sourcing, writing"
663,594bec83fd2cf400280aa965,2017-06-22 12:12:51,writing,2017-06-22 19:51:30,9,"sourcing, writing"
664,594bec83fd2cf400280aa965,2017-06-22 12:12:51,source review,2017-06-22 17:12:50,1,"review, planning, editing, sourcing, writing"
665,594bec83fd2cf400280aa965,2017-06-22 12:12:51,sourcing,2017-06-22 15:46:37,32,"sourcing, writing"
666,594bec83fd2cf400280aa965,2017-06-22 12:12:51,writing,2017-06-22 17:18:06,13,"sourcing, writing"
667,594bec83fd2cf400280aa965,2017-06-22 12:12:51,writing,2017-06-22 17:18:41,14,"sourcing, writing"
668,594bec83fd2cf400280aa965,2017-06-22 12:12:51,writing,2017-06-22 17:18:41,14,"sourcing, writing"
669,594bec83fd2cf400280aa965,2017-06-22 12:12:51,writing,2017-06-22 17:19:16,15,"sourcing, writing"
670,594bec83fd2cf400280aa965,2017-06-22 12:12:51,writing,2017-06-22 17:19:16,14,"sourcing, writing"
671,594bec83fd2cf400280aa965,2017-06-22 12:12:51,writing,2017-06-22 17:19:26,14,"sourcing, writing"
672,594bec83fd2cf400280aa965,2017-06-22 12:12:51,source review,2017-06-22 17:12:52,1,"review, planning, editing, sourcing, writing"
673,594bec83fd2cf400280aa965,2017-06-22 12:12:51,writing,2017-06-22 19:50:58,8,"sourcing, writing"
674,594bec83fd2cf400280aa965,2017-06-22 12:12:51,sourcing,2017-06-22 15:47:12,32,"sourcing, writing"
675,594bec83fd2cf400280aa965,2017-06-22 12:12:51,sourcing,2017-06-22 15:47:12,32,"sourcing, writing"
676,594bec83fd2cf400280aa965,2017-06-22 12:12:51,sourcing,2017-06-22 15:47:47,33,"sourcing, writing"
677,594bec83fd2cf400280aa965,2017-06-22 12:12:51,planning,2017-06-22 14:35:52,1,planning
678,594bec83fd2cf400280aa965,2017-06-22 12:12:51,planning,2017-06-22 14:35:50,1,planning
679,594bec83fd2cf400280aa965,2017-06-22 12:12:51,sourcing,2017-06-22 15:49:32,1,sourcing
680,594bec83fd2cf400280aa965,2017-06-22 12:12:51,sourcing,2017-06-22 15:50:07,1,sourcing
681,594bec83fd2cf400280aa965,2017-06-22 12:12:51,writing,2017-06-22 19:50:58,8,"sourcing, writing"
682,594bec83fd2cf400280aa965,2017-06-22 12:12:51,writing,2017-06-22 19:40:41,1,"sourcing, writing"
683,594bec83fd2cf400280aa965,2017-06-22 12:12:51,sourcing,2017-06-22 15:50:34,2,sourcing
684,594bec83fd2cf400280aa965,2017-06-22 12:12:51,writing,2017-06-22 19:40:37,1,"sourcing, writing"
685,594bec83fd2cf400280aa965,2017-06-22 12:12:51,writing,2017-06-22 19:50:23,8,"sourcing, writing"
686,594bec83fd2cf400280aa965,2017-06-22 12:12:51,sourcing,2017-06-22 15:50:07,1,sourcing
687,594bfcde70709600281a12b8,2017-06-22 13:22:38,vetting,2017-06-22 15:12:07,1,"vetting, planning, editing, sourcing, writing"
688,594bfcde70709600281a12b8,2017-06-22 13:22:38,vetting,2017-06-22 15:12:42,2,"vetting, planning, editing, sourcing, writing"
689,594bfcde70709600281a12b8,2017-06-22 13:22:38,vetting,2017-06-22 13:25:06,1,"review, vetting"
690,594bfcde70709600281a12b8,2017-06-22 13:22:38,vetting,2017-06-22 15:12:42,2,"vetting, planning, editing, sourcing, writing"
691,594bfcde70709600281a12b8,2017-06-22 13:22:38,vetting,2017-06-22 15:12:45,2,"vetting, planning, editing, sourcing, writing"
692,594bfcde70709600281a12b8,2017-06-22 13:22:38,vetting,2017-06-22 13:25:03,1,"review, vetting"
693,594c0645b99a200028ff12fe,2017-06-22 14:02:45,vetting,2017-06-22 15:03:55,1,"vetting, planning, editing, sourcing, writing"
694,594c0645b99a200028ff12fe,2017-06-22 14:02:45,vetting,2017-06-22 15:04:30,2,"vetting, planning, editing, sourcing, writing"
695,594c0645b99a200028ff12fe,2017-06-22 14:02:45,vetting,2017-06-22 15:05:05,2,"vetting, planning, editing, sourcing, writing"
696,594c0645b99a200028ff12fe,2017-06-22 14:02:45,vetting,2017-06-22 15:06:15,1,"vetting, planning, editing, sourcing, writing"
697,594c0645b99a200028ff12fe,2017-06-22 14:02:45,vetting,2017-06-22 15:06:50,1,"vetting, planning, editing, sourcing, writing"
698,594c0645b99a200028ff12fe,2017-06-22 14:02:45,vetting,2017-06-22 15:06:50,1,"vetting, planning, editing, sourcing, writing"
699,594c0645b99a200028ff12fe,2017-06-22 14:02:45,vetting,2017-06-22 15:06:54,1,"vetting, planning, editing, sourcing, writing"
700,594c0645b99a200028ff12fe,2017-06-22 14:02:45,vetting,2017-06-22 15:04:30,2,"vetting, planning, editing, sourcing, writing"
701,594c0b883b593b002812506e,2017-06-22 14:25:12,sourcing,2017-06-22 19:14:53,1,sourcing
702,594c0b883b593b002812506e,2017-06-22 14:25:12,sourcing,2017-06-22 18:26:26,21,sourcing
703,594c0b883b593b002812506e,2017-06-22 14:25:12,sourcing,2017-06-22 19:15:06,1,sourcing
704,594c0b883b593b002812506e,2017-06-22 14:25:12,sourcing,2017-06-22 18:26:42,22,sourcing
705,594c0b883b593b002812506e,2017-06-22 14:25:12,vetting,2017-06-22 15:19:23,1,"vetting, planning, editing, sourcing, writing"
706,594c0b883b593b002812506e,2017-06-22 14:25:12,planning,2017-06-22 18:57:57,7,planning
707,594c0b883b593b002812506e,2017-06-22 14:25:12,sourcing,2017-06-22 19:09:03,107,sourcing
708,594c0b883b593b002812506e,2017-06-22 14:25:12,planning,2017-06-22 18:57:21,6,planning
709,594c0b883b593b002812506e,2017-06-22 14:25:12,planning,2017-06-22 18:56:46,5,planning
710,594c0b883b593b002812506e,2017-06-22 14:25:12,vetting,2017-06-22 15:19:09,1,"vetting, planning, editing, sourcing, writing"
711,594c0b883b593b002812506e,2017-06-22 14:25:12,sourcing,2017-06-22 19:08:28,106,sourcing
712,594c0b883b593b002812506e,2017-06-22 14:25:12,sourcing,2017-06-22 18:25:51,17,sourcing
713,594c0b883b593b002812506e,2017-06-22 14:25:12,planning,2017-06-22 18:57:57,17,"planning, editing, sourcing, writing"
714,594c0b883b593b002812506e,2017-06-22 14:25:12,planning,2017-06-22 19:00:19,1,planning
715,594c0b883b593b002812506e,2017-06-22 14:25:12,planning,2017-06-22 19:00:17,1,planning
716,594c0b883b593b002812506e,2017-06-22 14:25:12,sourcing,2017-06-22 18:25:51,17,sourcing
717,594c0b883b593b002812506e,2017-06-22 14:25:12,sourcing,2017-06-22 18:25:16,17,sourcing
718,594c0b883b593b002812506e,2017-06-22 14:25:12,sourcing,2017-06-22 18:59:12,5,sourcing
719,594c0b883b593b002812506e,2017-06-22 14:25:12,sourcing,2017-06-22 18:26:26,18,sourcing
720,594c0b883b593b002812506e,2017-06-22 14:25:12,vetting,2017-06-22 15:19:09,1,"vetting, planning, editing, sourcing, writing"
721,594c0b883b593b002812506e,2017-06-22 14:25:12,vetting,2017-06-22 15:18:34,1,"vetting, planning, editing, sourcing, writing"
722,594c0b883b593b002812506e,2017-06-22 14:25:12,sourcing,2017-06-22 19:07:53,106,sourcing
723,594c0b883b593b002812506e,2017-06-22 14:25:12,planning,2017-06-22 18:57:21,6,planning
724,594c0b883b593b002812506e,2017-06-22 14:25:12,sourcing,2017-06-22 19:08:28,106,sourcing
725,594c0b883b593b002812506e,2017-06-22 14:25:12,planning,2017-06-22 18:58:32,17,"planning, editing, sourcing, writing"
726,594c0b883b593b002812506e,2017-06-22 14:25:12,planning,2017-06-22 18:58:32,17,"planning, editing, sourcing, writing"
727,594c0b883b593b002812506e,2017-06-22 14:25:12,planning,2017-06-22 18:59:07,18,"planning, editing, sourcing, writing"
728,594c0b883b593b002812506e,2017-06-22 14:25:12,sourcing,2017-06-22 18:59:07,4,sourcing
729,594c151273dd9c002873cd98,2017-06-22 15:05:54,sourcing,2017-06-22 19:06:14,6,sourcing
730,594c151273dd9c002873cd98,2017-06-22 15:05:54,vetting,2017-06-22 15:34:23,1,"vetting, planning, editing, sourcing, writing"
731,594c151273dd9c002873cd98,2017-06-22 15:05:54,vetting,2017-06-22 15:34:21,1,"vetting, planning, editing, sourcing, writing"
732,594c151273dd9c002873cd98,2017-06-22 15:05:54,vetting,2017-06-22 15:33:11,2,"vetting, planning, editing, sourcing, writing"
733,594c151273dd9c002873cd98,2017-06-22 15:05:54,vetting,2017-06-22 15:32:36,2,"vetting, planning, editing, sourcing, writing"
734,594c151273dd9c002873cd98,2017-06-22 15:05:54,vetting,2017-06-22 15:32:36,2,"vetting, planning, editing, sourcing, writing"
735,594c151273dd9c002873cd98,2017-06-22 15:05:54,vetting,2017-06-22 15:32:01,1,"vetting, planning, editing, sourcing, writing"
736,594c151273dd9c002873cd98,2017-06-22 15:05:54,vetting,2017-06-22 15:27:20,2,"vetting, planning, editing, sourcing, writing"
737,594c151273dd9c002873cd98,2017-06-22 15:05:54,vetting,2017-06-22 15:26:45,1,"vetting, planning, editing, sourcing, writing"
738,594c151273dd9c002873cd98,2017-06-22 15:05:54,vetting,2017-06-22 15:26:45,1,"vetting, planning, editing, sourcing, writing"
739,594c151273dd9c002873cd98,2017-06-22 15:05:54,vetting,2017-06-22 15:26:10,1,"vetting, planning, editing, sourcing, writing"
740,594c151273dd9c002873cd98,2017-06-22 15:05:54,vetting,2017-06-22 15:23:50,2,"vetting, planning, editing, sourcing, writing"
741,594c151273dd9c002873cd98,2017-06-22 15:05:54,sourcing,2017-06-22 19:06:08,6,sourcing
742,594c151273dd9c002873cd98,2017-06-22 15:05:54,vetting,2017-06-22 15:23:15,1,"vetting, planning, editing, sourcing, writing"
743,594c151273dd9c002873cd98,2017-06-22 15:05:54,vetting,2017-06-22 15:23:15,1,"vetting, planning, editing, sourcing, writing"
744,594c151273dd9c002873cd98,2017-06-22 15:05:54,vetting,2017-06-22 15:22:39,1,"vetting, planning, editing, sourcing, writing"
745,594c151273dd9c002873cd98,2017-06-22 15:05:54,sourcing,2017-06-22 19:31:18,1,"editing, sourcing, writing"
746,594c151273dd9c002873cd98,2017-06-22 15:05:54,sourcing,2017-06-22 19:31:15,1,"editing, sourcing, writing"
747,594c15a573dd9c002873cda1,2017-06-22 15:08:21,sourcing,2017-06-22 16:17:23,2,sourcing
748,594c15a573dd9c002873cda1,2017-06-22 15:08:21,sourcing,2017-06-22 16:09:47,1,"vetting, planning, editing, sourcing, writing"
749,594c15a573dd9c002873cda1,2017-06-22 15:08:21,sourcing,2017-06-22 16:01:43,1,sourcing
750,594c15a573dd9c002873cda1,2017-06-22 15:08:21,sourcing,2017-06-22 16:01:36,1,sourcing
751,594c15a573dd9c002873cda1,2017-06-22 15:08:21,sourcing,2017-06-22 16:09:53,1,"vetting, planning, editing, sourcing, writing"
752,594c15a573dd9c002873cda1,2017-06-22 15:08:21,sourcing,2017-06-22 16:17:17,2,sourcing
753,594c15a573dd9c002873cda1,2017-06-22 15:08:21,sourcing,2017-06-22 15:57:08,6,sourcing
754,594c15a573dd9c002873cda1,2017-06-22 15:08:21,sourcing,2017-06-22 15:57:43,6,sourcing
755,594c15a573dd9c002873cda1,2017-06-22 15:08:21,vetting,2017-06-22 15:15:03,1,"vetting, planning, editing, sourcing, writing"
756,594c15a573dd9c002873cda1,2017-06-22 15:08:21,vetting,2017-06-22 15:15:38,1,"vetting, planning, editing, sourcing, writing"
757,594c15a573dd9c002873cda1,2017-06-22 15:08:21,vetting,2017-06-22 15:16:09,2,"vetting, planning, editing, sourcing, writing"
758,594c15a573dd9c002873cda1,2017-06-22 15:08:21,sourcing,2017-06-22 15:56:33,5,sourcing
759,594c15a573dd9c002873cda1,2017-06-22 15:08:21,planning,2017-06-22 15:37:20,1,"vetting, planning, editing, sourcing, writing"
760,594c15a573dd9c002873cda1,2017-06-22 15:08:21,source review,2017-06-22 18:36:56,1,"review, planning, editing, sourcing, writing"
761,594c15a573dd9c002873cda1,2017-06-22 15:08:21,planning,2017-06-22 15:37:16,1,"vetting, planning, editing, sourcing, writing"
762,594c15a573dd9c002873cda1,2017-06-22 15:08:21,source review,2017-06-22 18:37:07,1,"review, planning, editing, sourcing, writing"
763,594c15a573dd9c002873cda1,2017-06-22 15:08:21,vetting,2017-06-22 15:15:38,1,"vetting, planning, editing, sourcing, writing"
764,594c15a573dd9c002873cda1,2017-06-22 15:08:21,sourcing,2017-06-22 15:57:08,6,sourcing
765,594c1abc73dd9c002873cdb8,2017-06-22 15:30:04,sourcing,2017-06-22 15:30:15,16,sourcing
766,594c1abc73dd9c002873cdb8,2017-06-22 15:30:04,sourcing,2017-06-22 15:30:50,16,sourcing
767,594c1e983b593b00281250ba,2017-06-22 15:46:32,sourcing,2017-06-22 19:47:03,4,"sourcing, writing"
768,594c1e983b593b00281250ba,2017-06-22 15:46:32,vetting,2017-06-22 16:02:15,1,"vetting, planning, editing, sourcing, writing"
769,594c1e983b593b00281250ba,2017-06-22 15:46:32,vetting,2017-06-22 16:02:11,1,"vetting, planning, editing, sourcing, writing"
770,594c1e983b593b00281250ba,2017-06-22 15:46:32,sourcing,2017-06-22 19:46:56,4,"sourcing, writing"
771,594c1f5cd7e68f0028c9062c,2017-06-22 15:49:48,vetting,2017-06-22 15:56:33,1,"vetting, planning, editing, sourcing, writing"
772,594c1f5cd7e68f0028c9062c,2017-06-22 15:49:48,vetting,2017-06-22 15:57:02,1,"vetting, planning, editing, sourcing, writing"
773,594c1f5cd7e68f0028c9062c,2017-06-22 15:49:48,sourcing,2017-06-22 19:50:58,1,"sourcing, writing"
774,594c1f5cd7e68f0028c9062c,2017-06-22 15:49:48,sourcing,2017-06-22 19:51:01,1,"sourcing, writing"
775,594c20b773dd9c002873cdda,2017-06-22 15:55:35,vetting,2017-06-22 16:05:31,1,"vetting, planning, editing, sourcing, writing"
776,594c20b773dd9c002873cdda,2017-06-22 15:55:35,vetting,2017-06-22 16:05:27,1,"vetting, planning, editing, sourcing, writing"
777,594c28953b593b00281250e1,2017-06-22 16:29:09,vetting,2017-06-22 16:29:48,4,"vetting, planning, editing, sourcing, writing"
778,594c28953b593b00281250e1,2017-06-22 16:29:09,vetting,2017-06-22 16:29:33,3,"vetting, planning, editing, sourcing, writing"
779,594c2e992c137900353e0faa,2017-06-22 16:54:49,vetting,2017-06-22 19:00:52,1,vetting
780,594c2e992c137900353e0faa,2017-06-22 16:54:49,vetting,2017-06-22 19:00:59,1,vetting
781,594c3f0c73dd9c002873ce44,2017-06-22 18:05:00,vetting,2017-06-22 19:14:59,1,vetting
782,594c3f0c73dd9c002873ce44,2017-06-22 18:05:00,vetting,2017-06-22 19:14:53,1,vetting
783,594c41482c137900353e0fea,2017-06-22 18:14:32,vetting,2017-06-22 19:18:59,1,vetting
784,594c41482c137900353e0fea,2017-06-22 18:14:32,vetting,2017-06-22 19:20:09,1,vetting
785,594c41482c137900353e0fea,2017-06-22 18:14:32,vetting,2017-06-22 19:20:23,1,vetting
786,594c41ab1e24bf00350a1f11,2017-06-22 18:16:11,vetting,2017-06-22 19:25:28,1,"vetting, sourcing"
787,594c41ab1e24bf00350a1f11,2017-06-22 18:16:11,vetting,2017-06-22 19:25:25,1,"vetting, sourcing"
788,594c41ab1e24bf00350a1f11,2017-06-22 18:16:11,vetting,2017-06-22 19:35:59,1,vetting
789,594c41ab1e24bf00350a1f11,2017-06-22 18:16:11,vetting,2017-06-22 19:35:56,1,vetting
